category,spend_covid,spend_post_covid,spend_pre_covid,pct_change_pre_to_covid,pct_change_covid_to_post,n_transactions_total
CompSwrPrch Additions,2936254.4000000004,12579673.2,124429.0,2259.783008784126,328.4258611924089,166
Med & Surg Equip General,6639532.89,7990099.9,308125.2,2054.8165778066837,20.341295575689223,476
MSSE CONSUMABLES,2748594.65,0.0,197929.41,1288.6741995542752,-100.0,65
DIAGNOSTIC TESTS NON NHS,1401338.8399999999,0.0,107255.0,1206.5487296629526,-100.0,33
COMP SOFTWARE LICENCE FEES,1174506.24,0.0,97091.62,1109.6885807446617,-100.0,16
CNST - NHS Resolution,31652941.2,46533870.3,2895187.2,993.2951485831381,47.012784707665645,48
IT Additions,7203166.33,12506870.559999999,690003.8400000001,943.931339570516,73.63017854954904,509
Computer Hardware Purch,265335.46,1798246.4600000004,26300.590000000004,908.8574438824376,577.7256458673108,49
NonRes Bldg Additions,23768340.169999998,49536405.68000001,2365328.14,904.8643893443046,108.4133991927801,449
Supplies and services – clinical,2127577445.1599998,537025683.77,216025302.48000002,884.8741886876768,-74.75881853364854,7094
Other Patients Expenses,256151.6,31932.7,26033.04,883.9480905802781,-87.53367146642847,10
QUALIFIED AGENCY INVOICES,14113260.02,0.0,1438089.4000000001,881.3896145816802,-100.0,348
Grants to Other public bodies,159632730.45,145901613.0,16359736.57,875.7658979835272,-8.601693030804128,328
BUILD MAINT EXT CONTRACTS,1464109.7300000002,0.0,153140.7,856.0552681292434,-100.0,18
Computer Software/License,4011760.64,52550643.51731741,547174.92,633.1769957585044,1209.9147290431915,521
SrvcsRecd-FoundationTrust,1560318.29,4046666.75,256522.0,508.25905380435205,159.3487992760759,59
Other professional fees,238207519.91599995,378698003.9125,39259015.379999995,506.7587727565672,58.97819012852398,3059
ENGIN AND MAINT EXT CONTRACTS,680348.78,0.0,113642.65,498.67380776495446,-100.0,13
EQUIPMENT REPAIRS _ MATERIALS,140410.63,0.0,24868.86,464.6042078326067,-100.0,7
LIBRARY RESOURCES,138172.0,0.0,27609.47,400.45147552633205,-100.0,4
Drugs,42557209.20999999,67216922.11,9056116.45,369.92780453921836,57.94485436842396,1868
Miscellaneous Expenditure,1275140.9,1784214.53,272347.76,368.20318992159133,39.92293165406271,36
OTHER NURSING,1942525.74,0.0,415974.96,366.9814115734274,-100.0,21
Electricity,7022909.86,12909585.149999999,1540819.5,355.79056210023305,83.82102870960098,205
FINANCIAL LEDGER,957901.81,0.0,211174.86,353.6059879476185,-100.0,9
Med Equip Additions,9370396.099557742,32392208.650000006,2134476.8200000003,339.00200797485076,245.68665300636363,592
ENGINEERING SERVICES,9888916.639999999,0.0,2317709.4699999997,326.66765476865396,-100.0,97
MAINTENANCE CONTRACTS AND MATS,3149212.15,0.0,738638.85,326.35344052103403,-100.0,33
MEDICAL NEGLIGENCE,116211.82,0.0,27461.42,323.182122410276,-100.0,4
Other NHS Payables <1Yr,4286226.1,3969298.6100000003,1054325.35,306.5373274008824,-7.394091739584137,134
MINOR CLINICAL EQUIPMENT,2251988.5500000003,0.0,606415.68,271.3605410071191,-100.0,45
CTRL Prepayments <1Yr,3886332.1399999997,12169750.17,1089824.35,256.60169824614394,213.14230826395607,74
GPMS/APMS and PCTMS,1597513187.42,751464893.6099999,479142080.64,233.41116382142198,-52.96033237612121,27809
HIRE OF CLINICAL EQUIPMENT,2226105.23,0.0,690019.5599999999,222.61480094854122,-100.0,25
Establishment,491452683.62350833,1335561091.8774686,153368872.4,220.43834966834402,171.75781848016402,9885
Professional Fees,506009.36000000004,1825109.7599999998,159440.0,217.36663321625693,260.6869564626234,48
Consultancy services,37983091.0093973,278280541.30435073,12041599.14,215.43228243850422,632.6432207307776,1821
Supplies and services – general,1567495117.0429797,3190615812.4892235,500442911.21004605,213.221564724107,103.54869229246466,18209
Services Received - NHSTs,6702650.77,16137168.799999999,2209488.83,203.35753134357324,140.75801281826296,372
CLINICAL SERVICE CONTRACT,2283764.27,0.0,771415.59,196.04849831982267,-100.0,65
NETWORK SOFT/W,261360.0,0.0,88641.76000000001,194.84974125062496,-100.0,4
Audit Fees: Internal,388783.0,514370.0,132240.0,193.99803387779795,32.302595535298614,20
XRAY MAINTENANCE,1839546.3499999999,0.0,634369.0599999999,189.98046499934912,-100.0,45
Purchase of healthcare from non-NHS bodies,5170415387.176354,2874373518.725174,1783410346.8801365,189.91731466745043,-44.407299926922995,28909
Commercial Sector,1422890.9100000004,16329788.45,490922.08,189.84047936894595,1047.6486591653043,357
EQUIPMENT >5K,5796351.979999999,0.0,2022775.4100000001,186.5544020035323,-100.0,70
RESUS STOCK CONSUMABLES,27258851.81,0.0,9583205.15,184.44399742397246,-100.0,114
COURSE FEES,768348.64,0.0,272656.0,181.80147878645622,-100.0,15
OCCUPANCY GUARANTEE,320076.72,0.0,117043.51000000001,173.4681487252048,-100.0,13
Services from Local Auth,362936.65,844638.0399999999,134400.0,170.04215029761906,132.72327002522337,8
POSTAGE,952154.25,0.0,356011.2,167.4506448111745,-100.0,35
Grants Research Exp,5527807.0,10959085.42,2084593.9988000002,165.17427389612033,98.25376356301875,308
Med & Surg Equip Hire,1063802.3800000001,1914932.7299999997,401421.16000000003,165.0090443662711,80.00831413819543,68
Agency Nursing Qualified,1289373.01,1142121.11,505693.35,154.97132006976167,-11.420426739039613,2073
EXTERNAL AUDIT,279870.0,0.0,109768.8,154.96315893040645,-100.0,10
CONSULTANCY DELIVERY,3001044.4000000004,0.0,1181431.69,154.0175979196902,-100.0,66
Research and development (excluding staff costs),434283.0,2671518.89,172378.0,151.9364420053603,515.1562207132215,35
LICENCE FEES - GENERAL,111079.5,0.0,44366.4,150.36852212485127,-100.0,3
GP SPECIALIST TRAINEE,4525709.46,0.0,1815462.8199999998,149.2868160197299,-100.0,49
Water,173841.23,404756.32,72369.36,140.2138556980468,132.83102633362637,42
COMPUTER HARDWARE,4291727.74,0.0,1788983.9200000002,139.89750226486106,-100.0,91
Premises,165814355.61,172256658.07,69537439.28999999,138.4533530469612,3.885250125841006,3323
BLOOD PRODUCTS,3064485.56,0.0,1292695.3399999999,137.06170086448986,-100.0,56
Laboratory External Tests,20343164.669999998,51585064.24,8691220.73,134.06567733092191,153.5744318880353,262
Rechgs to-from Other NHS,102564.47,90964.19,45137.72,127.2256330182384,-11.310232481092134,6
PHARMACY,5346396.109999999,0.0,2378250.75,124.8037180267892,-100.0,221
Capital,542104024.4100001,695255084.0799999,246748497.89,119.69901703380137,28.251230902903195,5763
Audit Fees: Statutory,122845.45000000001,426621.4,56000.0,119.36687500000002,247.28302920458182,11
Independent Sector,2702868.6,0.0,1251964.3300000003,115.8902242845848,-100.0,65
SW SUPPORT,978645.02,0.0,464148.53,110.84738111741945,-100.0,16
Med & Surg Equip Disp,779570.6799999998,2090174.1700000002,378605.08999999997,105.9060220241624,168.11862267575285,108
INTERNAL AUDIT,245369.2,0.0,120210.0,104.11712835870561,-100.0,9
Services from other NHS bodies,47127785621.630005,76750920357.37036,23259786999.55,102.61486325107694,62.85704780099911,125499
General Opthalmic services,146480576.7,93723980.03999999,72501360.24,102.03838412839134,-36.01610387433708,8224
Photographic Materials,395914.23000000004,27144.53,196010.71,101.98601902926634,-93.14383572421735,18
MEDICAL RECORD STORAGE,821558.3300000001,0.0,410082.39999999997,100.33981707091067,-100.0,29
Sewerage,155554.69,418119.1,79393.17,95.92956169907312,168.7923456374089,39
Blood Products,7903409.600000001,17584664.020000003,4049612.15,95.16460607221362,122.49465623039455,284
Minor Works,1980610.1600000001,6777033.0917059,1021344.6299999999,93.92182636726649,242.16895523276017,102
Provisions,352430.68000000005,622687.2000000002,182021.95,93.6198793607035,76.68359633162473,28
OTHER TRANSPORT COSTS,390387.22,0.0,220708.22,76.87932964164179,-100.0,7
Med & Surg Maint Contract,2394110.78,2535065.69,1389717.5,72.27319797009103,5.887568410681487,104
Transport,28326153.03,35268406.95000001,16675867.34,69.8631468604619,24.50828360860553,212
TELEPHONES,329355.08999999997,0.0,194246.02,69.55564392001442,-100.0,8
"Books, Journals & Subscr",285489.1879024,621484.56,169200.0,68.7288344576832,117.69110226775614,41
EXTERNAL CONTRACTS,1437495.2400000002,0.0,866947.01,65.81119992558718,-100.0,60
EXTERNAL LAUNDRY CONTRACT,1850591.54,0.0,1134429.91,63.129649852056545,-100.0,66
Rates,3439565.0,10627633.27,2157032.0,59.458227787070385,208.98189945530902,207
PAYE,159749884.47000003,0.0,100239285.51999998,59.36853863361421,-100.0,119
CNST CONTRIBUTIONS,39914207.60000001,0.0,25076829.2,59.16768137496431,-100.0,80
MISCELLANEOUS,55002.49,0.0,34650.0,58.737344877344874,-100.0,2
Pharmaceutical services,14120396.64,30803446.31,8918570.52,58.32578335659111,118.1485909732915,351
NETWORK HARD/W,169764.81,0.0,107905.67,57.32705241531794,-100.0,5
Purch Tang FA AUC Addns,2788345.3200000003,0.0,1807955.93,54.226398648998064,-100.0,28
WATER AND SEWERAGE,782212.8899999999,0.0,521127.24999999994,50.100170351867035,-100.0,34
ENGIN & MAINT DAY TO DAY,48959.0,0.0,33372.0,46.70682008869711,-100.0,3
Education and training,34641700.61227937,8314048872.694673,23773586.990000002,45.71507710153657,23900.117562783882,7120
Computer Maintenance,5910130.04,4925705.5,4090277.3300000005,44.492159410618726,-16.656563110073293,372
PATHOLOGY SERVICES,17412308.619999997,0.0,12100323.64,43.899528128654225,-100.0,38
Postage & Carriage,320512.02,2436803.1599999997,224973.97,42.4662684309656,660.2844848065291,82
Lease Charges,3060059.7800000003,5353163.300000001,2207344.0899999994,38.630845723740386,74.93655957270221,205
FUEL - STEAM,2910124.3100000005,0.0,2104828.74,38.25943435188937,-100.0,104
Other Liabilities - Curr,11660721.16,20622462.14,8453888.249999998,37.933230428022306,76.85408867113327,405
Non NHS Capitl Pybls Curr,482464.0,0.0,350883.0,37.499964375589585,-100.0,2
Permanent Injury Benefits,216398.63,369300.54000000004,158790.83000000002,36.27904709610749,70.65752218486782,23
Contr Refuse & Clin Waste,1645872.6600000001,1693870.8,1208027.6500000001,36.24461824197484,2.9162730001238306,93
CPAP MACHINES,2462160.19,0.0,1839463.8500000003,33.85205640219564,-100.0,104
SERVICES FROM OTHER NHS,212772.74,0.0,164318.5,29.48800043817342,-100.0,12
RATES,3433216.0,0.0,2669331.1,28.61709062618721,-100.0,12
AUC Additions,500367.89999999997,78889.0,403676.29000000004,23.952759276498483,-84.23380076939388,11
Ext Contr Laundry,1836906.18,4046132.8000000003,1495251.1500000001,22.84934072781016,120.2688871132221,107
Other Public Sector,160500.0,768420.0,133750.0,20.0,378.76635514018693,28
PHARMACY PILGRIM,4736404.76,0.0,4219359.31,12.254122297065056,-100.0,242
ELECTRICITY,3025446.75,0.0,2732201.52,10.732928294396087,-100.0,89
Contr Other External,4830714.13,8907555.18,4430443.449999999,9.034551157627362,84.39416906667586,323
VISITING CONSULTANTS,39653.45,0.0,37099.32,6.884573625608226,-100.0,2
CONSULTANTS FEES,888359.38,0.0,838200.7699999999,5.984080639773226,-100.0,36
Cleaning Equipment,153239.98,115160.0,145824.01,5.085561698653055,-24.849898831884477,21
Senior Manager Band 8C,46769.86,115068.51999999999,45496.0,2.7999384561280127,146.03135438079136,14
Nurse band 5,6554.98,0.0,6555.0,-0.0003051106026001,-100.0,2
Pacemakers,520741.2,39985.2,533936.4,-2.471305571225339,-92.32148330111004,42
SUBSCRIPTION  FEES,976586.67,0.0,1024155.22,-4.644662163612263,-100.0,9
COMPUTER PURCHASE ACCESSORIES,633510.03,0.0,669791.2699999999,-5.416797982452037,-100.0,13
ACCOMMODATION,118800.0,0.0,129600.0,-8.333333333333332,-100.0,4
LLOYDS PHARMACY,10937137.77,0.0,12030113.96,-9.085335298020745,-100.0,23
RENTS,1101731.2100000002,0.0,1260927.1500000001,-12.625308290015006,-100.0,35
Gas,1276688.9500000002,14936366.309999999,1463164.3199999996,-12.744663565880247,1069.9299433898914,212
EXCLUDED DEVICES,456318.0,0.0,525169.92,-13.110408151327485,-100.0,25
X-Ray Equipment Purchase,314825.01999999996,1558834.65,373059.38,-15.609943918311354,395.14319097001885,119
External Consultancy Fees,1261579.3,3827861.38,1497489.74,-15.753726633212187,203.41821397989014,210
Equip Maint Contracts,924073.44,1026928.7699999999,1315384.34,-29.748788099453893,11.130644551368121,116
PHOTOCOPIER MACHINES,162987.0,0.0,237072.0,-31.25,-100.0,5
Consultant,357543.77,660055.9,611366.8,-41.517306795200525,84.60841871192441,33
Legal / Prof Fees,35000.0,137151.5,62548.39,-44.04332389690606,291.8614285714286,8
Insurance Costs,361877.85,831569.53,654005.0599999999,-44.66742352115746,129.7928790059961,13
Agency Nursing:Op Dept Pr,3189.9700000000003,52482.00000000001,5961.900000000001,-46.49407068216508,1545.219234036684,51
COST OF FP 10 PRESCRIPTIONS,26701.41,0.0,50708.979999999996,-47.34382352001558,-100.0,3
NonNHS Trade Pybls Curr,11734943.16,48111754.2,22815628.92,-48.56620783434446,309.98710896184696,808
SERVICES FROM NON-NHS BODIES,1634503.51,0.0,3224247.8300000005,-49.30589718346807,-100.0,29
Travel & Subsistence,28003.41,194889.04999999996,59426.25,-52.877036663090806,595.9475649572676,21
LLOYDS PHARM DISPENSING COSTS,139193.0,0.0,346314.0,-59.80728471849247,-100.0,7
MEDICAL LOCUMS,138780.0,0.0,352185.0,-60.59457387452617,-100.0,17
General Dental services and personal dental services,43860085.449999996,24942678.61,118259111.88000001,-62.9118765118871,-43.13125851422617,1250
ENGIN AND MAINT EQUIP AND MATS,35676.71,0.0,101953.05,-65.00672613521616,-100.0,5
DESKTOP SOFT/W,51211.69,0.0,148372.18,-65.4843044026178,-100.0,4
Foundation Programme - F2,26976.78,0.0,79707.20999999999,-66.15515710561189,-100.0,8
PROPERTY LEASE,546276.01,0.0,1639258.9800000002,-66.67542977254271,-100.0,19
STUDENT LOAN RE-PAYMENTS,38572.0,0.0,129778.0,-70.27847555055557,-100.0,17
OTHER AMBULANCE SERVICES,285600.0,0.0,969861.48,-70.55249580589592,-100.0,18
WAN USAGE,542817.01,0.0,1856945.08,-70.7682787258307,-100.0,35
Other Gen Supplies & Srv,37951.24,226000.0,146530.0,-74.10002047362315,495.5009638683743,6
APPRENTICE LEVY (HMRC),25366.0,0.0,99306.0,-74.45672970414677,-100.0,16
NI EES,220095.18999999997,0.0,861686.2200000001,-74.45761753042774,-100.0,17
Med & Surg Equip Leases,64982.9,1275119.2000000002,262581.87,-75.25232796917777,1862.238065706517,45
NI ERS,657801.61,0.0,2781194.25,-76.34823205894375,-100.0,17
STRUCTURE,2366156.21,0.0,13722008.350000001,-82.75648760992044,-100.0,100
OTHER NURSE MANAGER,9503.6,0.0,88540.88,-89.2664269883019,-100.0,3
Senior Manager Band 8D,25781.72,0.0,575357.16,-95.5190059683971,-100.0,6
CHILDCARE VOUCHERS,0.0,0.0,246996.30000000002,-100.0,,8
Bldg/Eng Equip Maint Cont,0.0,0.0,23787.56,-100.0,,1
CORE TRAINEE,0.0,0.0,135000.0,-100.0,,2
AGENCY SENIOR MANAGER,0.0,0.0,103551.0,-100.0,,2
Bldg/Eng Equip Maint/Rep,0.0,119934.06,36532.0,-100.0,,5
BUILD MAINT DAY TO DAY,0.0,0.0,122588.0,-100.0,,3
Ext Contr Domestics,0.0,0.0,25760.0,-100.0,,1
Contr Pest Control,0.0,0.0,48816.0,-100.0,,1
Contr Premises Security,0.0,304966.14,33448.0,-100.0,,4
Dividend Payment,0.0,0.0,2674000.0,-100.0,,1
CONTINUING MEDICAL EDUCATION,0.0,0.0,14762.32,-100.0,,1
CONSULTANCY STRATEGY,0.0,0.0,87674.62,-100.0,,2
CNST contributions,0.0,0.0,12746546.9,-100.0,,9
Audit Fees: Ext non-stat,0.0,0.0,88015.0,-100.0,,2
INSURANCE CHARGES,0.0,0.0,26576.51,-100.0,,1
External Data Contracts,0.0,0.0,127200.0,-100.0,,3
Investments Govt Security,0.0,0.0,81500000.0,-100.0,,4
Interest Payable,0.0,0.0,464531.70999999996,-100.0,,4
Laboratory Reagents,0.0,29253.77,34105.85,-100.0,,6
Long Trm Loans - Non-Curr,0.0,0.0,3552000.0,-100.0,,5
GPTVS INCOME GENERATION,0.0,0.0,6679.36,-100.0,,1
GRANTHAM PHARMACY CREDITORS,0.0,0.0,54814.75,-100.0,,2
Nurse Band 8A,0.0,0.0,36896.15,-100.0,,1
OIL,0.0,0.0,52404.86,-100.0,,2
Med & Surg Equip Repair,0.0,93411.66,23322.36,-100.0,,12
Meeting expense/Room Hire,0.0,49746.95,26844.2,-100.0,,24
Laboratory Bottles & Cont,0.0,0.0,28926.18,-100.0,,1
LOSSES _ COMPENSATIONS,0.0,0.0,83686.74,-100.0,,3
POST MAR 95 RETIREMENTS,0.0,0.0,39887.67,-100.0,,2
PRE MARCH 1995 RETIREMENTS,0.0,0.0,13602.24,-100.0,,2
Printing Design Costs,0.0,0.0,25200.0,-100.0,,1
PRINTING AND STATIONERY,0.0,0.0,35034.01,-100.0,,2
Payt Rec On A/C Susp <1Yr,0.0,0.0,29371.34,-100.0,,1
Phone Rental and Calls,0.0,53978.87,62452.5,-100.0,,2
PGME,0.0,0.0,18224.03,-100.0,,1
PLUMBING WORKS,0.0,0.0,57471.39,-100.0,,2
Service Charge,0.0,0.0,143614.98,-100.0,,1
VAT Cont Out Serv Inp Tax,0.0,0.0,54893.72,-100.0,,1
78H BLOCK CONTRACT,29200.0,0.0,0.0,,-100.0,1
AGENCY ADMIN CLERICAL,187371.37,0.0,0.0,,-100.0,4
AGENCY AHP QUALIFIED,23000.0,0.0,0.0,,-100.0,1
AGENCY HCA  OTHER SUPP STAFF,861297.04,0.0,0.0,,-100.0,22
AGENCY OTHER STT QUALIFIED,11625036.77,0.0,0.0,,-100.0,22
Admin & Clerical Band 8A,0.0,33420.6,0.0,,,2
Admin & Clerical Band 8B,31749.75,0.0,0.0,,-100.0,8
Advertising,35493.6,29578.0,0.0,,-16.666666666666664,3
Agency Admin & Clerical,0.0,124270.0,0.0,,,3
Agency Ahp Qualified,0.0,60000.0,0.0,,,1
Agency Hca Unregistered,133941.6,158012.16,0.0,,17.970936587288787,5
Agency Healthcare Asst,306.0,0.0,0.0,,-100.0,1
Agency M&D Consultant,0.0,1160807.04,0.0,,,31
Agency Maint & Works,0.0,382657.36,0.0,,,4
Agency Nursing Registered,2119248.17,15664501.01,0.0,,639.1536881685735,151
Agency Other Stt,0.0,80884.8,0.0,,,1
Agency Prof & Tech,35000.0,0.0,0.0,,-100.0,1
Ahp B8d,0.0,47952.59,0.0,,,1
Ambulance Services,141120.0,639999.98,0.0,,353.5147250566893,19
Anaesthetics Accessories,174803.04,42623.380000000005,0.0,,-75.61633939547046,4
Appentice Levy - Trust,391034.0,4537803.12,0.0,,1060.4625480137279,30
Archiving Data,0.0,38482.73,0.0,,,1
Ascribe Control: Boston,298225.7,3593695.42,0.0,,1105.025395195652,83
Ascribe Control: Lincoln,611992.85,19210473.819999997,0.0,,3039.0029834498873,431
Aseptic Unit,0.0,50610.0,0.0,,,1
Assistant Medical Director,0.0,85221.65,0.0,,,2
Audit Fees Statutory,0.0,345912.0,0.0,,,6
BEDDING AND LINEN,51737.0,0.0,0.0,,-100.0,1
BIKE INITIATIVE,22733.33,0.0,0.0,,-100.0,1
Bank Consultant,69608.3,1281351.36,0.0,,1740.802547972009,25
Bed Hire,0.0,3638619.2700000005,0.0,,,25
Blood Transfusion Contract,0.0,892350.78,0.0,,,12
"Books, Journals & Subscription",0.0,192190.06,0.0,,,3
Bostonian Other,0.0,2208294.73,0.0,,,32
Breast Care Prosthesis,0.0,44268.880000000005,0.0,,,2
Breast Screening,0.0,211586.89,0.0,,,4
Build Maint Day To Day,0.0,63221.1,0.0,,,2
Build Maint Equip And Mats,0.0,47217.6,0.0,,,1
Building Contracts,0.0,801978.98,0.0,,,12
Building Works,11337706.360000001,760903.6900000002,0.0,,-93.28873348947802,84
Building Works - Auc Pur,3147716.96,40486163.279999994,0.0,,1186.2072351003246,119
Bureau Soft/W,0.0,410184.13,0.0,,,3
Business & Property Management,0.0,60565.24,0.0,,,1
CLINICAL SERVICES FROM NON-NHS,5325902.140000001,0.0,0.0,,-100.0,29
CLINICAL SERVICES OTHER NHS,407743.75,0.0,0.0,,-100.0,13
CNST - NHS ResolutioNHS Litigation Authority,0.0,1583448.0,0.0,,,1
COMPUTER MAINTENANCE,28500.0,0.0,0.0,,-100.0,1
COMPUTER SOFTWARE,278402.4,0.0,0.0,,-100.0,3
CONSULTANTS BANK,113600.34,0.0,0.0,,-100.0,4
Cancer Centre,0.0,30871.0,0.0,,,1
Cardiac Catheter Lab,0.0,79808.64,0.0,,,1
Catering Equip Purchase,81220.75,0.0,0.0,,-100.0,2
Central Accruals,0.0,313770.0,0.0,,,2
Chief Executive,0.0,312698.13,0.0,,,7
Chief Operating Officer,0.0,1358602.01,0.0,,,9
Cleaning Materials,33750.0,0.0,0.0,,-100.0,3
Clin Support Pan Trust Mgmt,0.0,36828.0,0.0,,,1
Clinical Equip Maint Contracts,0.0,8960121.08,0.0,,,59
Clinical Equipment,0.0,378489.9,0.0,,,6
Clinical Equipment Hire,394314.12,0.0,0.0,,-100.0,3
Clinical Service Contract,359169.24,2312480.71,0.0,,543.8415244022567,50
Clinical Training,0.0,77400.0,0.0,,,1
Clinical Waste,0.0,893674.2999999999,0.0,,,23
Clinical excellence awards,52310.33,135891.0,0.0,,159.7785179332648,3
Cnst Contributions,4699580.0,0.0,0.0,,-100.0,6
Computer Hardware,0.0,947379.7800000001,0.0,,,13
Computer Hardware - Auc Pur,689481.97,12541402.420000002,0.0,,1718.9601709236865,116
Computer Network Costs,81774.32,212998.0,0.0,,160.4705242428185,7
Computer Recharges,0.0,502067.83999999997,0.0,,,4
Computer Softw - Auc Pur,600779.6900000001,11939192.590000004,0.0,,1887.2829905418414,55
Conferences And Seminars,0.0,84000.0,0.0,,,1
Consultants Fees - Auc Pur,255330.19,12791415.14,0.0,,4909.75428718398,42
Contr Estate Management,314100.79000000004,53609.18,0.0,,-82.93249119176046,10
Contr Photocopier Rental,106532.81,624287.68,0.0,,486.00508143922985,16
Contract Photocopier Lease,0.0,584430.6,0.0,,,8
Contracting,0.0,799863.5399999999,0.0,,,7
Contractual Clinical Srv,0.0,1009364.0,0.0,,,24
Corporate Facilities,0.0,38869.8,0.0,,,1
Corporate Nursing,0.0,408372.0,0.0,,,1
Course Fees,215343.8,527332.2,0.0,,144.8792117534844,14
Cpd Hee Funding,0.0,100800.0,0.0,,,2
Creditor Suspense,0.0,7825777.52,0.0,,,50
Creditor Suspense_Refunds,0.0,64580.64,0.0,,,1
DESKTOP HARD/W,687976.4500000001,0.0,0.0,,-100.0,11
DIAGNOSTIC TESTS OTHER NHS,309982.37,0.0,0.0,,-100.0,11
Decontamination,0.0,1825794.2200000002,0.0,,,5
Diabetic Retinopathy,0.0,33714.11,0.0,,,1
Diag Tests Non Nhs,0.0,6857234.0,0.0,,,99
Diag Tests Other Nhs,0.0,513392.26000000007,0.0,,,13
Dietetic Products,0.0,170116.96,0.0,,,1
Digital Aspirant Programme,0.0,95880.0,0.0,,,1
Dir Improvement & Integration,0.0,234139.18000000002,0.0,,,3
Doctors Fees (Bd8'S Etc),0.0,129225.57999999999,0.0,,,2
EQUIPMENT,14429738.770000001,0.0,0.0,,-100.0,87
EXTERNAL PAYROLL CONTRACT,283572.79,0.0,0.0,,-100.0,8
Ea Subs & Ict Capital Staffing,0.0,1425737.91,0.0,,,2
Ees Superannuation - Nest,0.0,33038.97,0.0,,,1
Electrical Works,0.0,37586.16,0.0,,,1
Engin & Maint Equip And Mats,171659.45,91073.11,0.0,,-46.94547256209897,3
Engineering Contracts,0.0,171898.58000000002,0.0,,,24
Engineering Services - Auc Pur,578683.73,20298271.430000003,0.0,,3407.6623685272784,121
Equality & Diversity,0.0,64488.0,0.0,,,1
Equipment Medical - Auc Pur,101412.72,23981973.380000003,0.0,,23547.894840016128,148
Equipment Other - Auc Pur,1447876.4699999997,1157123.81,0.0,,-20.08131674382413,28
Ers Superannuation - Nest,0.0,31597.09,0.0,,,1
Esr & Health Roster System,0.0,214983.36,0.0,,,2
Estates Restore,0.0,288049.81,0.0,,,3
Exclude,0.0,30636.37,0.0,,,59
Excluded Devices Expenditure,489784.27,3284506.0699999994,0.0,,570.6026042853518,47
Ext Consultancy Strategy Fees,0.0,228990.0,0.0,,,3
External Consultancy Delivery,0.0,1967005.18,0.0,,,14
External Contracts,103113.97,5000023.209999999,0.0,,4749.025995216748,89
External Works - Auc Pur,0.0,493744.62,0.0,,,4
Finance Department,0.0,1446360.88,0.0,,,16
Financial Ledger System,55546.8,2413870.78,0.0,,4245.652278799138,12
Financial Management,0.0,292489.33,0.0,,,5
Financial Services,0.0,218635.01999999996,0.0,,,4
Financial Services Contract,0.0,76868.16,0.0,,,2
Fire Safety,0.0,266802.6,0.0,,,4
Fp10s,0.0,29458.16,0.0,,,1
Francotyp Postalia,0.0,30000.0,0.0,,,1
Fuel - Steam,711918.61,5573029.08,0.0,,682.8182887366858,97
Furniture & Fittings,133047.18,169478.4,0.0,,27.382181268329024,9
GAS,56410.86,0.0,0.0,,-100.0,2
GP Sessions / Staff Fund,68891.16,120559.53,0.0,,74.99999999999999,3
Gp Specialist Trainee,500000.0,5794322.23,0.0,,1058.864446,34
Grantham Ct,0.0,53632.31,0.0,,,1
Grantham Htm Compliance,0.0,32975.64,0.0,,,1
Grantham Utilities/Waste,0.0,190270.38,0.0,,,4
Grounds & Garden Expenses,0.0,33367.0,0.0,,,1
HIRE OF TRANSPORT,58650.0,0.0,0.0,,-100.0,2
HOME ENTERAL FOODS,25228.78,0.0,0.0,,-100.0,1
Head Of Governance,0.0,3207767.6,0.0,,,2
Hearing Aids: Repairs,130387.5,0.0,0.0,,-100.0,3
Heating Oil,0.0,597671.71,0.0,,,18
Hr Senior Team,0.0,141554.16,0.0,,,3
IT Gross Book Val BF,0.0,57074.38,0.0,,,1
Improvement Management,0.0,32465.55,0.0,,,1
Income tax - Current,0.0,13237068.27,0.0,,,4
Insource Service From Non Nhs,0.0,88603.51999999999,0.0,,,2
Int Recover Bus Activities Inp,0.0,353037.54000000004,0.0,,,3
Integra Prl Control,317191.77,0.0,0.0,,-100.0,3
Intensive Care Unit Med Lch,0.0,57345.45,0.0,,,1
Internal Audit Fees,0.0,541840.5,0.0,,,12
Internal Recharge: Rec,0.0,70415.0,0.0,,,2
International Recruitment,0.0,262273.0,0.0,,,6
It Services Contract,0.0,281469.11,0.0,,,4
LEGAL FEES - PROPERTY,27387.7,0.0,0.0,,-100.0,1
Lab Equip Maintenance Contract,0.0,158417.28,0.0,,,2
Laundry Contract,308984.08999999997,4059195.6799999997,0.0,,1213.7232017350798,60
Lease Car Recharges,0.0,32606.0,0.0,,,1
Lease Receipts as income - minimum lease receipts,0.0,23800.0,0.0,,,1
Legal Fees,0.0,75563.0,0.0,,,3
Legal Fees Employment,0.0,57857180.8,0.0,,,25
Legal Fees Other,0.0,660611.2000000001,0.0,,,13
Legal Fees Property,0.0,326412.2,0.0,,,5
Legal Services,0.0,4594523.7,0.0,,,5
Licence Fees - General,0.0,292720.88,0.0,,,4
Lin Car Parking And Security,0.0,129224.39000000001,0.0,,,4
Lincoln  Obstetrics Ip,0.0,3025332.68,0.0,,,3
Lincoln Clin Haematology Ip,0.0,137440.05,0.0,,,5
Lincoln Clinical Eng Parts,0.0,1060756.04,0.0,,,7
Lincoln Ct,0.0,239910.0,0.0,,,6
Lincoln Endoscopy,0.0,36165.82,0.0,,,1
Lincoln Estates Operations,0.0,92382.36,0.0,,,2
Lincoln General Surgery Ip,0.0,93796.19,0.0,,,1
Lincoln Linen,0.0,477973.45999999996,0.0,,,7
Lincoln Management,0.0,34086.0,0.0,,,1
Lincoln Max Facial Surgery Ip,0.0,45246.51,0.0,,,1
Lincoln Nuclear Medicine,0.0,51053.66,0.0,,,1
Lincoln Portering,0.0,458659.24,0.0,,,6
Lincoln Radiology,0.0,884318.1699999999,0.0,,,20
Lincoln Rates,0.0,372243.2,0.0,,,6
Lincoln Site Maint Schemes,0.0,733028.62,0.0,,,10
Lincoln Ultrasound,0.0,33802.48,0.0,,,1
Lincoln Utilities/Waste,0.0,2502069.24,0.0,,,19
Lincoln Ward Housekeeping,0.0,207385.19,0.0,,,6
Lincolnshire Talent Academy,0.0,160115.0,0.0,,,1
Lloyds Purchasing Cards,0.0,227115.0,0.0,,,1
Losses And Compensation,0.0,227644.0,0.0,,,3
Louth Endoscopy,0.0,47233.2,0.0,,,1
Louth Radiology,0.0,162384.72,0.0,,,2
Manager Recharge,0.0,111496.67,0.0,,,1
Materials - Electrical,0.0,30242.0,0.0,,,1
Mdg Revenue Items,0.0,38760.0,0.0,,,1
Mechanical Works,0.0,39445.62,0.0,,,1
Medical Education General,0.0,1750000.0,0.0,,,7
Medical Record Storage,54979.44,2065277.53,0.0,,3656.4542854565266,30
Minor Clinical Equipment,0.0,32050.52,0.0,,,1
Miscellaneous - Auc Pur,0.0,557136.0800000001,0.0,,,5
Mobile Phones,0.0,27495.05,0.0,,,1
Mri Gra,0.0,239900.0,0.0,,,4
Mri Lch,0.0,834029.92,0.0,,,13
Mri Pil,0.0,79737.7,0.0,,,1
Msse Consumables,255010.88,436180.38,0.0,,71.04383154161893,13
NHS England Running Costs,0.0,60367.869999999995,0.0,,,2
NHS Litigation Authority,0.0,1794998.4,0.0,,,1
NHS Local Debtors Adj,6365.0,0.0,0.0,,-100.0,1
NJR LEVY CHARGE,26360.96,0.0,0.0,,-100.0,1
NURSE MANAGER BAND 8D,210643.9,0.0,0.0,,-100.0,3
NURSING DIRECTOR,92433.67,0.0,0.0,,-100.0,2
National Ins Holt Drs- Ees,166945.15000000002,1112038.94,0.0,,566.1103601991432,30
National Ins Holt Drs- Ers,516228.56,4324198.7700000005,0.0,,737.6519830673453,30
National Insurance - Curr,0.0,15882034.719999999,0.0,,,4
National Insurance - Ees,5399736.07,51179529.18,0.0,,847.8153842434006,30
National Insurance - Ers,8133956.0,95420406.97999997,0.0,,1073.1119147927525,31
National Qc & Accred Fees,0.0,447187.0,0.0,,,1
Network Hard/W,0.0,516733.76999999996,0.0,,,6
Neurophysiology - Lincoln,0.0,232455.0,0.0,,,8
Nhs England Income Non Block,44200.0,133930.08,0.0,,203.00923076923075,4
Nhs Subcontracted Services,0.0,1256928.42,0.0,,,6
Non Pay Cip,0.0,58325.74,0.0,,,2
Nurse B5,31425.0,28840.74,0.0,,-8.223579952267299,2
Nurse Bank Recharges,0.0,10167506.68,0.0,,,53
OTHER CONSULTANCIES,26875.0,0.0,0.0,,-100.0,1
OTHER SENIOR MANAGER,278147.0,0.0,0.0,,-100.0,2
Occupancy Guarantee,80837.29,45825.57,0.0,,-43.31134801772795,2
Occupational Health Ptrust,0.0,31794.35,0.0,,,1
Office Equipment,0.0,144206.58000000002,0.0,,,3
Org Development & Training,0.0,96220.8,0.0,,,1
Other,0.0,310498.19,0.0,,,4
Other Clinical Costs,987519.0,8164028.840000001,0.0,,726.7211911872076,26
Other Consultancies,0.0,126038.92,0.0,,,2
Other Income,30000.0,0.0,0.0,,-100.0,1
Other Operatg Rev Non NHS,42330.68,0.0,0.0,,-100.0,1
Other Research Exp,0.0,6499697.3100000005,0.0,,,78
Other Senior Nurse,0.0,4456382.58,0.0,,,19
Other Transport Costs,0.0,263285.32,0.0,,,3
Outpatient It,0.0,115200.0,0.0,,,1
Outpatients Pharmacies,0.0,10701741.209999999,0.0,,,19
Outsource Service From Non Nhs,1171800.4,22083283.28,0.0,,1784.560141812548,201
P&M Additions,258936.02,31125.690000000002,0.0,,-87.97938965772317,5
PATIENT APPLIANCES,60000.0,0.0,0.0,,-100.0,2
PHOTOCOPIERS LEASE COST,74085.0,0.0,0.0,,-100.0,1
POST MAR 95 RETIREMENTS < 1 Yr,92711.56,0.0,0.0,,-100.0,5
PRE MAR 95 RETIREMENTS < 1 Yr,34642.3,0.0,0.0,,-100.0,5
Packing & Storage,0.0,604267.86,0.0,,,8
Pacs,0.0,325117.96,0.0,,,2
Pacs/Emrad Project,0.0,334338.36,0.0,,,3
Pathlinks,0.0,6527012.22,0.0,,,11
Patients Appl: Purchase,108000.0,263797.48,0.0,,144.2569259259259,19
Pay Recharge,50000.0,236590.7,0.0,,373.18140000000005,3
Paye - Holt,1249797.76,11012120.870000001,0.0,,781.1122265093516,30
Paye - Trust,11864609.93,153150684.19,0.0,,1190.819378753904,30
Payroll Services Contract,70893.34,963919.1100000002,0.0,,1259.6751260414592,24
Pharmacy,0.0,5960881.49,0.0,,,124
Pharmacy Contract,0.0,35020863.23,0.0,,,29
Pharmacy Dispensing Costs,0.0,5887493.5600000005,0.0,,,9
Phlebotomist B2,0.0,54068.88,0.0,,,1
Phone Install & Maintenance,0.0,915252.04,0.0,,,2
Photocopier Usage,0.0,43579.08,0.0,,,1
Pilgrim Endoscopy,0.0,98983.83,0.0,,,2
Pilgrim Estates Operations,0.0,278730.67,0.0,,,4
Pilgrim Linen,0.0,337869.35,0.0,,,6
Pilgrim Obstetrics Ip,0.0,619760.5900000001,0.0,,,5
Pilgrim Radiology,0.0,94083.73999999999,0.0,,,2
Pilgrim Rates,0.0,469504.0,0.0,,,7
Pilgrim Respir Physiology Op,0.0,45264.0,0.0,,,1
Pilgrim Utilities/Waste,0.0,484806.36,0.0,,,9
Pilgrim Ward Housekeeping,0.0,107023.2,0.0,,,2
Primary Care Trst Revenue,52123.75,47543.38,0.0,,-8.78749130674597,2
Printing And Stationery,0.0,141000.33000000002,0.0,,,3
Printing Costs,27493.92,255555.0,0.0,,829.4964122977009,6
Progress Housing Rents,0.0,1298726.0199999998,0.0,,,26
Progress Living,0.0,1126955.07,0.0,,,9
Propco Leases,0.0,1089861.2,0.0,,,19
Property Lease,0.0,1696917.6500000004,0.0,,,27
Prostheses - Other,29352.0,0.0,0.0,,-100.0,2
Provision Early Depart <1yr,25149.63,75234.35,0.0,,199.14694570059282,4
Provision Legal Claims <1yr,0.0,194650.73,0.0,,,3
Provision Pension Inj Ben <1yr,0.0,79585.92,0.0,,,3
Public Relations Expenses,0.0,23170.24,0.0,,,1
Purch Hcare From Nhs And Dhsc,87003.09,731750.56,0.0,,741.0627254733138,20
RECRUITMENT  EXPENSES,251305.36,0.0,0.0,,-100.0,4
RENTS LEASE,602823.7799999999,0.0,0.0,,-100.0,14
Radiology Services,41606.18,405727.7,0.0,,875.1621033221508,7
Radiotherapy Physics,0.0,678336.3500000001,0.0,,,2
Rchrg : Rcvd - Pathology,0.0,1957213.5,0.0,,,35
Recruitment Agency Fees,160132.29,1079037.08,0.0,,573.8410348094067,29
Repairs - Contract Work,0.0,262628.05,0.0,,,5
Risk & Incident Management,0.0,48891.3,0.0,,,1
Room Hire (Non-Ifrs 16),175549.72,7038417.89,0.0,,3909.358653491444,75
Rowlands Dispensing Costs,0.0,1877240.0399999996,0.0,,,20
Rowlands dispensing costs,486644.33999999997,0.0,0.0,,-100.0,6
SENIOR MANAGER BAND 8D,32031.44,0.0,0.0,,-100.0,1
SERVICE AND FM CHARGES,2184803.86,0.0,0.0,,-100.0,39
STAFF CARS LEASE COSTS,19313.34,0.0,0.0,,-100.0,1
STAFF CARS SERVICE COSTS,3890.52,0.0,0.0,,-100.0,1
STAFF UNIFORMS AND CLOTHING,326373.5,0.0,0.0,,-100.0,8
SYS VAT Non Recoverable,0.0,179587.84,0.0,,,1
Sal Sac Home Electronics,0.0,54528.63,0.0,,,2
Sal Sac Lease Cars,0.0,52296.1,0.0,,,2
Salary Finance Borrow,0.0,745318.73,0.0,,,25
Secondment Rchrg To-From Nhs,0.0,65240.92,0.0,,,2
Senior Manager Band 8B,5196.23,108283.98999999999,0.0,,1983.8952471310931,13
Senior Manager Trust,27008.260000000002,252090.01,0.0,,833.3811582086369,10
Senior Manager band 8,0.0,986705.52,0.0,,,8
Services Received - CCG's,0.0,1232000.0,0.0,,,1
Services Received – CCGs,2000000.0,0.0,0.0,,-100.0,2
Software  Lice Intang Additions,0.0,366794.29,0.0,,,2
Sonographer Band 7,0.0,99981.39,0.0,,,1
Specialist Midwives,0.0,66146.4,0.0,,,1
Speech Therapy,0.0,283126.98000000004,0.0,,,6
Staff Consultancy & Suppt,0.0,88906.2,0.0,,,3
Stationery,0.0,232933.52999999997,0.0,,,7
Stp Contribution,0.0,117925.0,0.0,,,1
Student Loan - Trust,222357.0,2478521.25,0.0,,1014.6585221063425,27
Subscription Fees,66600.0,945893.39,0.0,,1320.2603453453455,8
Supplies and services - general,379280365.53999996,0.0,0.0,,-100.0,658
Supply Chain Control<1yr,4235394.2700000005,65135218.220000006,0.0,,1437.8785082976465,227
Surg Instruments Disp,0.0,33390.0,0.0,,,3
Surg Instruments General,0.0,412579.75999999995,0.0,,,20
Surgery Division Management,0.0,42740.22,0.0,,,1
Sw Support,98954.26,640188.06,0.0,,546.9535116527577,5
System Digital,0.0,436039.2,0.0,,,1
System Maintenance Costs,0.0,748074.4099999999,0.0,,,9
THERAPY EQUIPMENT,30000.0,0.0,0.0,,-100.0,2
Taxi & Other Vehicle Hire,0.0,156443.06,0.0,,,5
Telecommunications,0.0,555128.5800000001,0.0,,,4
Theatres Gdh,0.0,88109.28,0.0,,,1
Theatres Lch,0.0,67852.8,0.0,,,1
Tissue Viability,0.0,907373.01,0.0,,,7
Training Expenses,407500.0,463294.3,0.0,,13.691852760736193,13
Training Materials,0.0,155633.34,0.0,,,6
Training Travel & Subsistence,0.0,90071.79999999999,0.0,,,2
Trans Equip Additions,0.0,44996.4,0.0,,,2
Ulht Balance Sheet,0.0,107661335.63,0.0,,,269
Vehicle Lease,0.0,63572.69,0.0,,,2
Visiting Consultants,0.0,369564.79,0.0,,,7
WASTE DISPOSAL-CLINICAL,236023.23,0.0,0.0,,-100.0,7
Waiting List Clerks,0.0,45349.2,0.0,,,1
Wan Usage,0.0,216890.74,0.0,,,5
Water & Sewage,25042.17,2158008.14,0.0,,8517.496566791138,30
Wheelchairs,81480.0,5025.0,0.0,,-93.83284241531665,19
Wifi Patient And Public,0.0,233046.95,0.0,,,3
X-Ray Equip Maint/Repair,1237546.29,5509005.340000001,0.0,,345.15549717336233,155
X-Ray Equipment,0.0,88563.12,0.0,,,2
X-Ray Film & Chemicals,0.0,370182.38,0.0,,,18
