year_month,period,source,hhi
2019-01,pre_covid,Bradford_Teaching_Hospitals,536.8995239569447
2019-01,pre_covid,NHS_England,113.69638488660159
2019-01,pre_covid,United_Lincolnshire_Hospitals,1851.6350177856064
2019-02,pre_covid,Bradford_Teaching_Hospitals,551.7560032251826
2019-02,pre_covid,NHS_England,116.86757987426081
2019-02,pre_covid,United_Lincolnshire_Hospitals,3235.013642276825
2019-03,pre_covid,Bradford_Teaching_Hospitals,1086.2368655980579
2019-03,pre_covid,NHS_England,99.1096816862675
2019-03,pre_covid,United_Lincolnshire_Hospitals,2163.5488534239157
2019-04,pre_covid,Bradford_Teaching_Hospitals,610.6966975347148
2019-04,pre_covid,NHS_England,108.31219784046846
2019-04,pre_covid,United_Lincolnshire_Hospitals,10000.0
2019-05,pre_covid,Bradford_Teaching_Hospitals,4743.775758644741
2019-05,pre_covid,NHS_England,140.02755451994975
2019-05,pre_covid,United_Lincolnshire_Hospitals,2190.167737701167
2019-06,pre_covid,Bradford_Teaching_Hospitals,5546.016141914911
2019-06,pre_covid,NHS_England,118.14261363837686
2019-06,pre_covid,United_Lincolnshire_Hospitals,2490.6483147382573
2019-07,pre_covid,Bradford_Teaching_Hospitals,701.9267872499504
2019-07,pre_covid,NHS_England,138.59297968561677
2019-07,pre_covid,United_Lincolnshire_Hospitals,2558.1810649993704
2019-08,pre_covid,Bradford_Teaching_Hospitals,592.6173950072316
2019-08,pre_covid,NHS_England,123.17767352196856
2019-08,pre_covid,United_Lincolnshire_Hospitals,1964.6489668152733
2019-09,pre_covid,Bradford_Teaching_Hospitals,685.0577717211747
2019-09,pre_covid,NHS_England,117.9901117403453
2019-09,pre_covid,United_Lincolnshire_Hospitals,1547.5103436924614
2019-10,pre_covid,Bradford_Teaching_Hospitals,3406.57931707809
2019-10,pre_covid,NHS_England,149.6245442352749
2019-10,pre_covid,United_Lincolnshire_Hospitals,2041.9873751243788
2019-11,pre_covid,Bradford_Teaching_Hospitals,606.0124224383057
2019-11,pre_covid,NHS_England,125.18801689434392
2019-11,pre_covid,United_Lincolnshire_Hospitals,3088.637957414576
2019-12,pre_covid,Bradford_Teaching_Hospitals,5573.843260008339
2019-12,pre_covid,NHS_England,160.15603561182633
2019-12,pre_covid,United_Lincolnshire_Hospitals,2297.6817442937036
2020-01,pre_covid,Bradford_Teaching_Hospitals,653.0024213508593
2020-01,pre_covid,NHS_England,124.00224933462184
2020-01,pre_covid,United_Lincolnshire_Hospitals,3134.1959373948375
2020-02,pre_covid,Bradford_Teaching_Hospitals,920.5746784445208
2020-02,pre_covid,NHS_England,126.8305380191038
2020-02,pre_covid,United_Lincolnshire_Hospitals,3243.8673969682204
2020-03,covid,Bradford_Teaching_Hospitals,400.24023255205805
2020-03,covid,NHS_England,94.92028013651534
2020-03,covid,United_Lincolnshire_Hospitals,778.6494839976766
2020-03,pre_covid,United_Lincolnshire_Hospitals,4005.1353176937478
2020-04,covid,Bradford_Teaching_Hospitals,343.32870074480235
2020-04,covid,NHS_England,77.97330677623451
2020-04,covid,United_Lincolnshire_Hospitals,1394.4994696989427
2020-05,covid,Bradford_Teaching_Hospitals,637.3636463582596
2020-05,covid,NHS_England,86.02224088093695
2020-05,covid,United_Lincolnshire_Hospitals,1968.537944166546
2020-06,covid,Bradford_Teaching_Hospitals,560.9960046620772
2020-06,covid,NHS_England,95.4384063810653
2020-06,covid,United_Lincolnshire_Hospitals,9638.842819416936
2020-07,covid,Bradford_Teaching_Hospitals,901.46852386309
2020-07,covid,NHS_England,91.12407674751006
2020-07,covid,United_Lincolnshire_Hospitals,2316.9657325222256
2020-08,covid,Bradford_Teaching_Hospitals,849.6067326669847
2020-08,covid,NHS_England,87.79375031019187
2020-09,covid,Bradford_Teaching_Hospitals,1340.2945447807672
2020-09,covid,NHS_England,87.99269701280511
2020-10,covid,Bradford_Teaching_Hospitals,580.6894212914901
2020-10,covid,NHS_England,94.09077383819472
2020-11,covid,Bradford_Teaching_Hospitals,573.5202594927817
2020-11,covid,NHS_England,102.50859252419757
2020-11,covid,United_Lincolnshire_Hospitals,2253.239855643021
2020-12,covid,Bradford_Teaching_Hospitals,627.2955062173723
2020-12,covid,NHS_England,89.28397280306612
2020-12,covid,United_Lincolnshire_Hospitals,1664.0921843279048
2021-01,covid,Bradford_Teaching_Hospitals,611.2506307688418
2021-01,covid,NHS_England,101.8066285748202
2021-01,covid,United_Lincolnshire_Hospitals,1506.171985337995
2021-02,covid,Bradford_Teaching_Hospitals,451.99761603848145
2021-02,covid,NHS_England,91.11817841888474
2021-02,covid,United_Lincolnshire_Hospitals,2663.708147497417
2021-03,covid,Bradford_Teaching_Hospitals,460.1099799452111
2021-03,covid,NHS_England,68.75332294056047
2021-03,covid,United_Lincolnshire_Hospitals,1020.9380255366697
2021-04,covid,Bradford_Teaching_Hospitals,568.813417038529
2021-04,covid,NHS_England,89.74854925045197
2021-04,covid,United_Lincolnshire_Hospitals,1625.490919938538
2021-05,covid,Bradford_Teaching_Hospitals,619.0949132264338
2021-05,covid,NHS_England,101.58761100738317
2021-05,covid,United_Lincolnshire_Hospitals,2517.4969851163137
2021-06,covid,Bradford_Teaching_Hospitals,727.2286054269532
2021-06,covid,NHS_England,93.97951626604637
2021-06,covid,United_Lincolnshire_Hospitals,1480.4382011537557
2021-07,covid,Bradford_Teaching_Hospitals,607.6339484218336
2021-07,covid,NHS_England,98.50931435460605
2021-07,covid,United_Lincolnshire_Hospitals,2455.203636478161
2021-08,covid,Bradford_Teaching_Hospitals,885.509324286302
2021-08,covid,NHS_England,100.37373316576965
2021-08,covid,United_Lincolnshire_Hospitals,1857.158780629595
2021-09,covid,Bradford_Teaching_Hospitals,623.6850740313255
2021-09,covid,NHS_England,102.92361261731881
2021-09,covid,United_Lincolnshire_Hospitals,1959.1457256159306
2021-10,covid,Bradford_Teaching_Hospitals,888.3267225388498
2021-10,covid,NHS_England,116.4756467493144
2021-10,covid,United_Lincolnshire_Hospitals,2127.0108455343943
2021-11,covid,Bradford_Teaching_Hospitals,597.0412037853857
2021-11,covid,NHS_England,95.23497304777294
2021-11,covid,United_Lincolnshire_Hospitals,1674.7902449649637
2021-12,covid,Bradford_Teaching_Hospitals,733.9265411014691
2021-12,covid,NHS_England,114.78237561438478
2021-12,covid,United_Lincolnshire_Hospitals,4674.031229876555
2022-01,covid,Bradford_Teaching_Hospitals,771.4770571390729
2022-01,covid,NHS_England,92.16995783759992
2022-01,covid,United_Lincolnshire_Hospitals,3217.110241498976
2022-02,covid,United_Lincolnshire_Hospitals,1959.0539751237834
2022-02,post_covid,Bradford_Teaching_Hospitals,1608.7167164830723
2022-02,post_covid,NHS_England,91.29535325378475
2022-03,post_covid,Bradford_Teaching_Hospitals,481.5749696973088
2022-03,post_covid,NHS_England,90.3424373060436
2022-03,post_covid,United_Lincolnshire_Hospitals,1675.8523640020235
2022-04,post_covid,Bradford_Teaching_Hospitals,458.2984144013175
2022-04,post_covid,NHS_England,115.79042156601695
2022-04,post_covid,United_Lincolnshire_Hospitals,2490.2086905142587
2022-05,post_covid,Bradford_Teaching_Hospitals,2002.4824187368997
2022-05,post_covid,NHS_England,113.28940901907696
2022-05,post_covid,United_Lincolnshire_Hospitals,2468.3742614607313
2022-06,post_covid,Bradford_Teaching_Hospitals,1369.5391071799659
2022-06,post_covid,NHS_England,120.41628554099474
2022-06,post_covid,United_Lincolnshire_Hospitals,1664.5327405568996
2022-07,post_covid,Bradford_Teaching_Hospitals,1848.2899543405927
2022-07,post_covid,NHS_England,122.59971729937976
2022-07,post_covid,United_Lincolnshire_Hospitals,2405.516170347605
2022-08,post_covid,Bradford_Teaching_Hospitals,458.8391911166812
2022-08,post_covid,NHS_England,146.7211879912022
2022-08,post_covid,United_Lincolnshire_Hospitals,1978.0867603101108
2022-09,post_covid,Bradford_Teaching_Hospitals,702.6956972318318
2022-09,post_covid,NHS_England,116.85720691101878
2022-09,post_covid,United_Lincolnshire_Hospitals,1588.3764117991495
2022-10,post_covid,Bradford_Teaching_Hospitals,488.96861142034476
2022-10,post_covid,NHS_England,118.886101278731
2022-10,post_covid,United_Lincolnshire_Hospitals,1805.3785213791584
2022-11,post_covid,Bradford_Teaching_Hospitals,752.1748716435047
2022-11,post_covid,NHS_England,114.60049677345377
2022-11,post_covid,United_Lincolnshire_Hospitals,2064.3071825456163
2022-12,post_covid,Bradford_Teaching_Hospitals,770.868811711637
2022-12,post_covid,NHS_England,111.73843514793603
2022-12,post_covid,United_Lincolnshire_Hospitals,1582.042188065206
2023-01,post_covid,Bradford_Teaching_Hospitals,476.80347764839314
2023-01,post_covid,NHS_England,114.37813625704806
2023-01,post_covid,United_Lincolnshire_Hospitals,1552.3425448277017
2023-02,post_covid,Bradford_Teaching_Hospitals,525.7848803306698
2023-02,post_covid,NHS_England,114.34400895751179
2023-02,post_covid,United_Lincolnshire_Hospitals,1972.8654046422503
2023-03,post_covid,Bradford_Teaching_Hospitals,434.7382399664117
2023-03,post_covid,NHS_England,106.6861881225515
2023-03,post_covid,United_Lincolnshire_Hospitals,1167.776066742872
2023-04,post_covid,Bradford_Teaching_Hospitals,904.3019270615445
2023-04,post_covid,NHS_England,112.32311638723844
2023-04,post_covid,United_Lincolnshire_Hospitals,1373.1100540161497
2023-05,post_covid,Bradford_Teaching_Hospitals,636.1820529963242
2023-05,post_covid,NHS_England,132.81486007344864
2023-05,post_covid,United_Lincolnshire_Hospitals,1824.782874240102
2023-06,post_covid,Bradford_Teaching_Hospitals,588.3625267588473
2023-06,post_covid,NHS_England,82.41891163761251
2023-06,post_covid,United_Lincolnshire_Hospitals,1344.6368016573967
2023-07,post_covid,Bradford_Teaching_Hospitals,416.7296579382877
2023-07,post_covid,NHS_England,104.03105535355695
2023-07,post_covid,United_Lincolnshire_Hospitals,3082.7597759476043
2023-08,post_covid,Bradford_Teaching_Hospitals,693.8786502405774
2023-08,post_covid,NHS_England,121.12817223215893
2023-08,post_covid,United_Lincolnshire_Hospitals,1781.1834162499813
2023-09,post_covid,Bradford_Teaching_Hospitals,934.0543258698216
2023-09,post_covid,NHS_England,115.86520218428078
2023-09,post_covid,United_Lincolnshire_Hospitals,2392.7421233917757
2023-10,post_covid,Bradford_Teaching_Hospitals,428.81701576037455
2023-10,post_covid,NHS_England,105.37714252388487
2023-10,post_covid,United_Lincolnshire_Hospitals,2300.055611673781
2023-11,post_covid,Bradford_Teaching_Hospitals,463.5427971584595
2023-11,post_covid,NHS_England,117.16943747690101
2023-11,post_covid,United_Lincolnshire_Hospitals,1742.1865565877229
2023-12,post_covid,Bradford_Teaching_Hospitals,534.7937495368141
2023-12,post_covid,NHS_England,120.15685119526906
2023-12,post_covid,United_Lincolnshire_Hospitals,2596.0645550016807
2024-01,post_covid,Bradford_Teaching_Hospitals,434.4033314787826
2024-01,post_covid,NHS_England,113.4350434897547
2024-01,post_covid,United_Lincolnshire_Hospitals,1845.7794685485592
2024-02,post_covid,Bradford_Teaching_Hospitals,394.3093122468883
2024-02,post_covid,NHS_England,109.75536817307761
2024-02,post_covid,United_Lincolnshire_Hospitals,2149.869382613955
2024-03,post_covid,Bradford_Teaching_Hospitals,396.4860550435494
2024-03,post_covid,NHS_England,112.43246269502255
2024-03,post_covid,United_Lincolnshire_Hospitals,1521.1339621151212
2024-04,post_covid,Bradford_Teaching_Hospitals,371.0926496600727
2024-04,post_covid,NHS_England,104.46782792494099
2024-04,post_covid,United_Lincolnshire_Hospitals,1609.542598574447
2024-05,post_covid,Bradford_Teaching_Hospitals,541.5414625274543
2024-05,post_covid,NHS_England,120.23097711558381
2024-05,post_covid,United_Lincolnshire_Hospitals,1075.9015746785888
2024-06,post_covid,Bradford_Teaching_Hospitals,557.0076289899416
2024-06,post_covid,NHS_England,142.43570452126713
2024-06,post_covid,United_Lincolnshire_Hospitals,1821.3355882764286
2024-07,post_covid,Bradford_Teaching_Hospitals,371.85464987681104
2024-07,post_covid,NHS_England,109.67350686613304
2024-07,post_covid,United_Lincolnshire_Hospitals,2380.963002349607
2024-08,post_covid,Bradford_Teaching_Hospitals,541.4286252750535
2024-08,post_covid,NHS_England,140.9920799809993
2024-08,post_covid,United_Lincolnshire_Hospitals,1317.5088233491128
2024-09,post_covid,Bradford_Teaching_Hospitals,488.86113082647046
2024-09,post_covid,NHS_England,134.52746251173218
2024-09,post_covid,United_Lincolnshire_Hospitals,1841.904622217438
2024-10,post_covid,Bradford_Teaching_Hospitals,463.82047290853455
2024-10,post_covid,NHS_England,106.5348077407786
2024-10,post_covid,United_Lincolnshire_Hospitals,1302.9112033280296
2024-11,post_covid,Bradford_Teaching_Hospitals,429.1375416367398
2024-11,post_covid,NHS_England,131.18117976566228
2024-11,post_covid,United_Lincolnshire_Hospitals,2656.968157514128
2024-12,post_covid,Bradford_Teaching_Hospitals,547.5038474448769
2024-12,post_covid,NHS_England,138.56143914873712
2024-12,post_covid,United_Lincolnshire_Hospitals,1731.795640537043
