node,community_id,community_size
ACS BUSINESS SUPPLIES,0,609
DIGITAL HEALTH INTELLIGENCE,0,609
OMRON HEALTHCARE UK,0,609
AIMEDIADATA LTD TA VUELIO,0,609
INPHASE,0,609
INTEGRATED PATIENT CARE,0,609
GLOUCESTERSHIRE HOSPITALS NHS FOUNDATION TRUST,0,609
OXCERP SOBELL HOUSE,0,609
UNIVERSITY HOSPITALS BRISTOL AND WESTON NHS FOUNDATION TRUST,0,609
ARCADIS CONSULTING UK,0,609
APPLE PRINT,0,609
MIDDLESBROUGH & STOCKON MIND,0,609
ASCRIBE LTD TA EMIS HEALTH,0,609
PINNACLE HEALTH PARTNERSHIP,0,609
GENERAL DYNAMICS UNITED KINGDOM,0,609
DELL COMPUTER CORPORATION,0,609
APPLIDD SOLUTIONS,0,609
EDGE HILL UNIVERSITY,0,609
SOL TEC,0,609
DAVE THORNTON,0,609
SOFTCAT,0,609
PLAYFORDS,0,609
ZENDESK,0,609
NHS BLACKBURN WITH DARWEN CCG,0,609
SOUTHERN COMMUNICATIONS CORPORATE SOLUTIONS,0,609
TINKER TAYLOR,0,609
ARTHUR J GALLAGHER INSURANCE BROKERS,0,609
VODAFONE CORPORATE,0,609
APC CARDIOVASCULAR,0,609
LINCOLN SCIENCE AND INNOVATION PARK,0,609
UNIVERSITY OF LEICESTER,0,609
GOVERNMENT PROPERTY AGENCY,0,609
EUROTECH COMPUTER SERVICES,0,609
LOWER GRANGE COMMUNITY ASSOCIATION,0,609
MULLENLOWE LONDON,0,609
BOOKWISE SOLUTIONS,0,609
ATTAIN HEALTH MANAGEMENT SERVICES,0,609
PORTAKABIN,0,609
DATABASE SERVICE PROVIDER GLOBAL,0,609
NATIONAL INSTITUTE FOR HEALTH AND CLINICAL EXCELLENCE,0,609
WEL MEDICAL,0,609
NHS SOUTHWARK CCG,0,609
MEDICAL DEFENSE SOCIETY,0,609
MDU SERVICES,0,609
AXSYS TECHNOLOGY,0,609
MBI HEALTHCARE TECHNOLOGIES,0,609
IMMUNO IVD AB,0,609
SOCAMEL UK,0,609
CLOUD TECHNOLOGY SOLUTIONS,0,609
O D CHOICES,0,609
NHS BRADFORD DISTRICT AND CRAVEN CCG,0,609
EMERGENT CROWN,0,609
HEPATITIS C TRUST,0,609
DE LAGE LANDEN LEASING,0,609
FUKUDA DENSHI UK,0,609
CLOUD BOOKING,0,609
CDW,0,609
MAGPIE,0,609
NHS PROFESSIONALS,0,609
PALANTIR TECHNOLOGIES UK,0,609
TEXTHELP,0,609
PHS GROUP,0,609
WORKFRONT,0,609
DODS PARLIAMENTARY COMMUNICATIONS,0,609
ACTORBANK,0,609
CYRES,0,609
PRH CONSULTANTS,0,609
CISILION,0,609
CANCOM MANAGED SERVICES,0,609
MEDICALDIRECTOR,0,609
SPARK TECHNOLOGY SERVICES,0,609
CENTERPRISE INTERNATIONAL,0,609
APOLLO MEDICAL SOFTWARE SOLUTIONS,0,609
APPRILIS,0,609
CROWN HOSTING DATA CENTRES,0,609
BLOOMSBURY HEALTH,0,609
DACOLL,0,609
LEEDS & YORK PARTNERSHIP NHS FOUNDATION TRUST,0,609
CAE TECHNOLOGY SERVICES,0,609
PRIMARY CARE COMMISSIONING CIC,0,609
IT BUS,0,609
KAINOS EVOLVE,0,609
ASPIRE TECHNOLOGY SOLUTIONS,0,609
HEALTH & SOCIAL CARE INFORMATION CENTRE,0,609
UNIVERSITY OF NOTTINGHAM,0,609
HH ASSOCIATES,0,609
NHS SOUTHPORT AND FORMBY CCG,0,609
WIFI SPARK,0,609
AMICUS ITS,0,609
FRESHWORKS,0,609
KINGSFIELD COMPUTER PRODUCTS,0,609
UKHCDO,0,609
TAVISTOCK AND PORTMAN NHS FOUNDATION TRUST,0,609
SKILLS FUNDING AGENCY,0,609
BT,0,609
PITNEY BOWES PURCHASE POWER,0,609
WAVENET,0,609
VIRGIN MEDIA BUSINESS,0,609
TELSTRA HEALTH UK,0,609
BRIDGEHEAD SOFTWARE,0,609
ETHOS,0,609
SELENITY,0,609
HINDUJA GLOBAL SOLUTIONS UK,0,609
MRFS GROUP,0,609
PUZZEL,0,609
NHS WEST KENT CCG,0,609
CCS MEDIA,0,609
FLYFORM,0,609
GLOBALVIEW SYSTEMS,0,609
WORKING ACADEMY,0,609
SYSTECH IT SOLUTIONS,0,609
IRON MOUNTAIN UK,0,609
SOUTHERNSBROADSTOCK,0,609
RDP HEALTH,0,609
MANUTAN UK,0,609
CSA WAVERLEY,0,609
BROADCARE SOFTWARE,0,609
RXINFO,0,609
ACCESS INTELLIGENCE MEDIA & COMMUNICATIONS,0,609
23RED,0,609
BLUE PRISM CLOUD,0,609
QUIQSOLUTIONS,0,609
LEICESTERSHIRE PARTNERSHIP NHS TRUST,0,609
BLOCK SOLUTIONS,0,609
SEYMOUR JOHN PUBLIC SERVICES,0,609
MEDIA AGENCY GROUP,0,609
NEOPOST POSTAGE TOP UP ONLY POSTROOM,0,609
PRIMARY CARE DONCASTER,0,609
UIPATH SRL,0,609
LANCASHIRE TEACHING HOSPITALS NHS FOUNDATION TRUST,0,609
NHS LIVERPOOL CCG,0,609
ERHIT,0,609
WILLIAMS PACKAGING,0,609
COMPAREX UK,0,609
LIQUID LIGHT DIGITAL,0,609
PERKINELMER LAS UK,0,609
RED GATE SOFTWARE,0,609
FLOWZ,0,609
UPTODATE,0,609
EMIS HEALTH,0,609
LEAP BRADFORD CIC THE,0,609
POSTAGE BY PHONEPITNEY BOWES,0,609
NEC SOFTWARE SOLUTIONS UK,0,609
IN TEND,0,609
MASTEK UK,0,609
TEKIHEALTH SOLUTIONS,0,609
NHS CAMDEN CCG,0,609
KIER BUSINESS SERVICES,0,609
NOVOSCO,0,609
PDS MEDICAL,0,609
DH OPCO UK,0,609
RESTORE,0,609
MEDICINES & HEALTHCARE PRODUCTS REGULATURY AGENCY,0,609
ADAM HTT LTD TA ADAM,0,609
NHS SOUTH EAST STAFFS AND SEISDON PENINSULAR CCG,0,609
BRAVO SOLUTION UK,0,609
PERFECT IMAGE,0,609
METHODS BUSINESS AND DIGITAL TECHNOLOGY,0,609
QUADIENT UK,0,609
STFOUR,0,609
SIGMA TECHNOLOGY SOLUTIONS,0,609
UNIVERSITY HOSPITALS OF MORECAMBE BAY NHS FOUNDATION TRUST,0,609
GAMMA BUSINESS COMMUNICATIONS,0,609
CONCERTO SUPPORT SERVICES,0,609
SUNQUEST INFORMATION SYSTEMS EUROPE,0,609
KD WEB,0,609
MEMBERSHIP ENGAGEMENT SERVICES,0,609
VALIANTYS,0,609
UNIVERSITY HOSPITAL BIRMINGHAM NHS FOUNDATION TRUST,0,609
BT GLOBAL SERVICES,0,609
NHS CANTERBURY AND COASTAL CCG,0,609
MOSAIQUE,0,609
UKFASTNET,0,609
DIGITAL SPACE CLOUD SERVICES,0,609
HEALTH MANAGEMENT,0,609
NHS PENSIONS AGENCY,0,609
CACI,0,609
MAASTRICHT UNIVERSITY,0,609
MILLCROFT MEDICAL CENTRE,0,609
OXFORD UNIVERSITY HOSPITALS NHS FOUNDATION TRUST,0,609
LINCOLNSHIRE COMMUNITY AND VOLUNTARY SERVICES,0,609
NHS TRUST DEVELOPMENT AUTHORITY,0,609
TRADEBE HEALTHCARE,0,609
ACUMA SOLUTIONS,0,609
BECHTLE DIRECT,0,609
VODAFONE,0,609
IQVIA TECHNOLOGY SERVICES,0,609
MAIN EVENT SECURITY,0,609
SAS SOFTWARE,0,609
SOMERFORD ASSOCIATES,0,609
SILICON PRACTICE,0,609
6B DIGITAL,0,609
PULSANT,0,609
INOVEM,0,609
CONDECO,0,609
NINTEX UK,0,609
PROSPERON NETWORKS,0,609
DISTOLOGY,0,609
NHS NEWHAM CCG,0,609
BYTES SOFTWARE SERVICES,0,609
JAMES HARVARD,0,609
OUTLOUD,0,609
TCR NOTTINGHAM,0,609
ROYAL COLLEGE OF SURGEONS OF ENGLAND,0,609
IOT SOLUTIONS GROUP,0,609
SERCO,0,609
LA INTERNATIONAL COMPUTER CONSULTANTS,0,609
3M UNITED KINGDOM,0,609
IMDSOFT,0,609
QUEEN MARY UNIVERSITY OF LONDON,0,609
ENGAGE HEALTH SYSTEMS,0,609
HMRC,0,609
CORPORATE DOCUMENT SERVICES,0,609
WRIGHTINGTON WIGAN & LEIGH NHS FOUNDATION TRUST,0,609
TOTAL COMPUTER NETWORKS,0,609
AXONEX,0,609
NHS WEST CHESHIRE CCG,0,609
TRANSPUTEC,0,609
CROWN WORKSPACE,0,609
MDDUS,0,609
INVESTIGO,0,609
DAISY CORPORATE SERVICES TRADING,0,609
WATERSTONS,0,609
SHEFFIELD CHILDRENS NHS FOUNDATION TRUST,0,609
ST HELENS AND KNOWSLEY HOSPITALS NHS TRUST,0,609
QIAGEN,0,609
QINETIQ,0,609
INTAN,0,609
CRAYON,0,609
CROWN RECORDS MANAGEMENT,0,609
INTUITI SOLUTIONS,0,609
COBIC SOLUTIONS,0,609
EGRESS SOFTWARE TECHNOLOGIES,0,609
INTERXION CARRIER HOTEL,0,609
BSBMT,0,609
SSG PARTNERS LTD TA SSG HEALTH,0,609
CBRE,0,609
JISC SERVICES,0,609
MICROSOFT,0,609
HARLOW PRINTING,0,609
ROYAL PHARMACEUTICAL SOCIETY OF GREAT BRITAIN RPSGB,0,609
WILMINGTON SHARED SERVICES,0,609
ALTACOM,0,609
NATIONAL CAR PARKS,0,609
REDWOOD CABLE PROJECTS,0,609
DHL SUPPLY CHAIN,0,609
PREMIER IT PARTNERSHIP,0,609
OUTCOMES BASED HEALTHCARE,0,609
GLEMNET,0,609
EAST LANCASHIRE HOSPITALS NHS TRUST,0,609
NHS DIGITAL,0,609
EMIS EGTON MEDICAL INFORMATION SYSTEMS,0,609
EVA HEALTH TECHNOLOGIES,0,609
KENT SURREY SUSSEX AHSN,0,609
COREAZURE,0,609
ADVANCED BUSINESS SOFTWARE AND SOLUTIONS,0,609
CYBIT,0,609
SHARPSMART,0,609
MCSA GROUP,0,609
ZOHO CORPORATION,0,609
TALK STRAIGHT,0,609
APPRAISE ME,0,609
KEYSTREAM HEALTHCARE RESOURCES,0,609
NHS SOUTH LINCOLNSHIRE CCG,0,609
MINISTRY OF JUSTICE,0,609
FISCAL TECHNOLOGIES,0,609
INTERWORKS EUROPE,0,609
AGILISYS,0,609
COOLSPIRIT,0,609
CAPITA BUSINESS SERVICES,0,609
SPEAKUP SELF ADVOCACY,0,609
COMMERCE DECISIONS,0,609
QA,0,609
LINKEDIN,0,609
INITIAL MEDICAL SERVICES,0,609
AYUP DIGITAL,0,609
CSC COMPUTER SCIENCES,0,609
ACCESS UK,0,609
NHS ROTHERHAM CCG,0,609
OPEN HEALTH CARE UK,0,609
UNIVERSITY OF SHEFFIELD,0,609
UNIVERSITY OF HULL,0,609
ANSWER DIGITAL,0,609
CLINISYS SOLUTIONS,0,609
MID CHESHIRE HOSPITALS NHS FOUNDATION TRUST,0,609
MEDICAL PROTECTION SOCIETY,0,609
RENTOKIL INITIAL UK,0,609
CATALYST BI,0,609
GREATER MANCHESTER MENTAL HEALTH NHS FOUNDATION TRUST,0,609
ULYSSES 2000,0,609
HOGG ROBINSON TRAVEL LTD TA HRG UK,0,609
HOOD & WOOLF,0,609
SELLICK PARTNERSHIP GROUP,0,609
EXPERIAN,0,609
MODALITY MEDICAL SERVICES,0,609
INSIGHT DIRECT UK,0,609
DIFRENT,0,609
IT PROFESSIONAL SERVICES,0,609
IE DESIGN CONSULTANCY,0,609
EIDO HEALTHCARE,0,609
OITUK LTD TA CCUBE SOLUTIONS,0,609
BT CONFERENCING,0,609
EE,0,609
ENDOSOFT,0,609
WOTTABYTE,0,609
UNIVERSITY COLLEGE LONDON,0,609
FIRST CONTACT CLINICAL CIC,0,609
REDWOOD TECHNOLOGIES,0,609
TACTIVOS,0,609
DUBIT,0,609
MBI HEALTH CONSULTING,0,609
SOFTWARE BOX,0,609
IDEAGEN GAEL,0,609
CLOUD2,0,609
MOTT MACDONALD,0,609
ATAMIS,0,609
VCREATE,0,609
EGTON MEDICAL INFORMATION SYSTEMS,0,609
ACADEMIA,0,609
SOLLIS PARTNERSHIP,0,609
VERSION 1 SOLUTIONS,0,609
LANCASHIRE & SOUTH CUMBRIA NHS FOUNDATION TRUST,0,609
CABINET OFFICE,0,609
UXCLINICIAN,0,609
KENT COUNTY COUNCIL,0,609
PEAKE GB,0,609
M & C SAATCHI UK,0,609
SUSSEX PARTNERSHIP NHS FOUNDATION TRUST,0,609
CANCOM UK,0,609
CLEVERMED,0,609
PEOPLE SOURCE CONSULTING,0,609
ST BARNABAS HOSPICE TRUST LINCOLNSHIRE,0,609
POLICE & CRIME COMMISSIONER FOR GREATER MANCHESTER,0,609
STREET GAMES UK,0,609
RUSS CONSULTING,0,609
TRUSTMARQUE SOLUTIONS,0,609
PERVASIVE NETWORKS,0,609
NHS SHEFFIELD CCG,0,609
IVORY CLINIC THE,0,609
UNIVERSITY HOSPBIRMINGHAM NHS FOUNDATN,0,609
KHIPU NETWORKS,0,609
WEST YORKSHIRE COMBINED AUTHORITY,0,609
TABLEAU INTERNATIONAL UC,0,609
CERTERO,0,609
FJ MCMANUS,0,609
MLL TELECOM,0,609
BEAUTIFUL INFORMATION,0,609
CORESTREAM,0,609
NHS SCARBOROUGH AND RYEDALE CCG,0,609
JUMPING RIVERS,0,609
STEVE DAVIDSON ADVERTISING,0,609
HOPSCOTCH CONSULTING,0,609
TOM HARRISON HOUSE,0,609
TPP,0,609
HEALTHCARE GATEWAY,0,609
PARK PLACE TECHNOLOGIES,0,609
PLAY BRADFORD,0,609
WATCH THIS SPACE PROPERTY DEVELOPMENT ,0,609
ANENTA,0,609
SOFTWAREONE UK,0,609
SNAPCOMMS UK,0,609
POWERON PLATFORMS,0,609
VIAPATH ANALYTICS,0,609
GREEN CLOUD HOSTING,0,609
MATTHEWS & GOODMAN,0,609
NHS WARRINGTON CCG,0,609
NHS EASTERN CHESHIRE CCG,0,609
TRADEBE HEALTHCARE NATIONAL,0,609
BEYONDTRUST CORPORATION,0,609
MAINTEL EUROPE,0,609
UNIVERSITY OF BRADFORD,0,609
TMI SYSTEMS,0,609
ANAPLAN,0,609
ANS GROUP,0,609
AUTOMATEPRO,0,609
GATENBY SANDERSON,0,609
SOUTH CENTRAL AMBULANCE SERVICE NHS FOUNDATION TRUST,0,609
CAPITA SECURE INFORMATION SOLUTIONS,0,609
IMPERIAL COLLEGE HEALTH PARTNERS,0,609
MANNING GOTTLIEB OMD,0,609
ZELLIS UK,0,609
LAW MORGAN,0,609
FREUDS COMMUNICATIONS LTD TA FREUDS,0,609
BILLIONS INSTITUTE LLC THE,0,609
MEDWAY COUNCIL,0,609
KIER INFRASTRUCTURE AND OVERSEAS,0,609
XMA,0,609
FUSION BUSINESS SOLUTIONS UK,0,609
TET,0,609
BISTECH,0,609
I5 HEALTH,0,609
GENOMICS ENGLAND,0,609
GIRLINGTON COMMUNITY CENTRE,0,609
DAISY CORPORATE SERVICES,0,609
PRECISELY EUROPE SOFTWARE AND DATA,0,609
TWS PARTNERS,0,609
WILMINGTON HEALTHCARE,0,609
SKY BUSINESS,0,609
MAGENTUS SOFTWARE,0,609
SYNERTEC,0,609
METHODS ANALYTICS,0,609
FELBER CONSULTING,0,609
CAMBURG COLLECTIVE,0,609
SAPPHIRE TECHNOLOGIES,0,609
AGFA FINANCE UK,0,609
BOXXE,0,609
CONVERGENCE GROUP NETWORKS,0,609
VISIONABLE,0,609
SEATTLE SOFTWARE,0,609
ISLE OF WIGHT NHS TRUST,0,609
UNIVERSITY OF HUDDERSFIELD,0,609
TELEFONICA O2 UK,0,609
SHELFSPAN,0,609
CONCENTRA CONSULTING,0,609
ESSEX PARTNERSHIP UNIVERSITY NHS FT,0,609
ACCURX,0,609
EVERYTHING EVERYWHERE,0,609
TEQEX,0,609
ROYAL SURREY COUNTY HOSPITAL NHS FOUNDATION TRUST,0,609
INTRINSIC TECHNOLOGY,0,609
PINNACLE SYSTEMS MANAGEMENT,0,609
ESRI UK,0,609
SET3 SOLUTIONS,0,609
REDSTOR,0,609
REDCENTRIC SOLUTIONS,0,609
NLA MEDIA ACCESS,0,609
SATELLITE APPLICATIONS CATAPULT,0,609
AGFA HEALTHCARE IT UK,0,609
CIS ONCOLOGY,0,609
NHS TOWER HAMLETS CCG,0,609
CERNER,0,609
PROACT IT UK,0,609
XEROX UK,0,609
NERDS WITH WORDS,0,609
EASTERN ACADEMIC HEALTH SCIENCE NETWORK,0,609
DEPARTMENT OF HEALTH,0,609
MARVAL SOFTWARE,0,609
MEDCURRENT UK,0,609
SERVICE DESK INSTITUTE,0,609
MANCHESTER CENTRAL CONVENTION COMPLEX,0,609
NHS RESOLUTION,0,609
HUNTER HEALTHCARE RESOURCING,0,609
CMAP SOFTWARE,0,609
ITIL LTD TA INCITE INSIGHT,0,609
DELL CORPORATION,0,609
EDG GROUP,0,609
BEAVER HEALTHCARE,0,609
NHS WALTHAM FOREST CCG,0,609
NHS LITIGATION AUTHORITY,0,609
CARAT,0,609
SYSTEM C HEALTHCARE,0,609
CITIZEN COMMUNICATIONS,0,609
NHS NORTH WEST SURREY CCG,0,609
EAGLE ONE,0,609
ACIME UK,0,609
HM REVENUE AND CUSTOMS,0,609
NHS BRISTOL N SOMERSET S GLOS CCG,0,609
INSPIRED AGENCY,0,609
PURE DATA SOLUTIONS,0,609
AVEPOINT UK,0,609
YOUNG MINDS,0,609
COMPLETE IT SYSTEMS,0,609
NHS STOKE ON TRENT CCG,0,609
DATIX,0,609
AKHTER COMPUTERS,0,609
NORTHERN LINCOLNSHIRE AND GOOLE HOSPITALS NHS FOUNDATION TRUST,0,609
HEALTHCARE SOFTWARE SOLUTIONS,0,609
BRAMBLE HUB,0,609
MTI TECHNOLOGY,0,609
UPS POWER PROTECTION,0,609
BT WIFI,0,609
INNOVA CARE CONCEPTS,0,609
OMNICELL,0,609
NDL SOFTWARE,0,609
CITY SPRINT UK,0,609
VPL HEALTHCARE,0,609
INITIAL WASHROOM HYGIENE,0,609
PHOENIX PARTNERSHIP LEEDS,0,609
HALO SERVICE SOLUTIONS,0,609
MEDICAL DATA SOLUTIONS & SERVICES,0,609
DEPARTMENT OF HEALTH & SOCIAL CARE,0,609
HEALTHCARE COMPUTING,0,609
AGFA HEALTHCARE UK,0,609
HM LAND REGISTRY,0,609
AIMES MANAGEMENT SERVICES,0,609
BRAVOSOLUTION UK,0,609
HOOPLE,0,609
WAGSTAFF INTERIORS GROUP,0,609
COMPUTACENTER UK,0,609
CHALLENGING BEHAVIOUR FOUNDATION,0,609
TRUSTED TECHNOLOGY PARTNERSHIP,0,609
JOHNS HOPKINS HEALTHCARE SOLUTIONS,0,609
QE FACILITIES,0,609
BLUE PRISM,0,609
PROACTIS GROUP,0,609
DICKENS SELF STORAGE,0,609
SITEKIT HEALTH,0,609
BLUE PELICAN CONSULTING,0,609
UDEMY,0,609
BLACKPOOL TEACHING HOSPITALS NHS FOUNDATION TRUST,0,609
CORPORATE TRAVEL MANAGEMENT NORTH,0,609
ADEPT TELECOM,0,609
PHOENIX SOFTWARE,0,609
IDEAL HEALTH CONSULTANTS,0,609
CHESS,0,609
THOMSON REUTERS PROFESSIONAL UK,0,609
ICNET INTERNATIONAL,0,609
ORACLE CORPORATION UK,0,609
MOUNTAIN HEALTHCARE,0,609
FLEXRM,0,609
ATOS IT SERVICES UK,0,609
SCC UK,0,609
GV MULTIMEDIA,0,609
EXCEED ACADEMIES TRUST,0,609
WELLBEING SOFTWARE,0,609
DIGITAL UNITE,0,609
AVOLUTION UK,0,609
PRESCQIPP CIC,0,609
CHARTERHOUSE VOICE & DATA,0,609
UNIVERSITY OF DURHAM,0,609
CROWN FLOORING,0,609
RIDGEWAY VIEW FAMILY PRACTICE J83009,0,609
GRESHAM OFFICE FURNITURE,0,609
NHS NORTH EAST HAMPSHIRE AND FARNHAM CCG,0,609
WIRRAL UNIVERSITY TEACHING HOSPITAL NHS FOUNDATION TRUST,0,609
EUROPEAN ELECTRONIQUE,0,609
TP HEALTH,0,609
DATALEC,0,609
NORTHERN DATA COMMUNICATIONS,0,609
PARAGON GROUP UK,0,609
GENERAL DYNAMICS IT,0,609
1SPATIAL GROUP,0,609
UNIVERSITY OF LEEDS,0,609
EXPONENTIALE,0,609
KONICA MINOLTA BUSINESS SOLUTIONS UK,0,609
SONAR INFORMATICS,0,609
HEALTH INFORMATION CONSULTING,0,609
EUS HOLDINGS,0,609
CALDER CONFERENCES,0,609
SOURCECODE UK,0,609
NHS SOUTH SEFTON CCG,0,609
KIMBLE APPLICATIONS,0,609
INTEROPEN COMMUNITY INTEREST COMPANY,0,609
KALEIDOSCOPE HEALTH & CARE CIC,0,609
BOSTON HALE,0,609
TRUSTCO,0,609
DIGITAL EXCHANGE PRODUCTS,0,609
BAIN AND COMPANY INC UNITED KINGDOM,0,609
IP INTEGRATION,0,609
CATER & CO THE SOCIAL KINETIC,0,609
FENIX MEDIA,0,609
TRANSFORMING SYSTEMS,0,609
MILLGATE,0,609
BRIAN JOHNSTON&CO INSURANCE BROKERS,0,609
HARTNELL TAYLOR COOK,0,609
AUDITDATA,0,609
HEWLETT PACKARD INTERNATIONAL,0,609
END OF LIFE PARTNERSHIP,0,609
DELIB,0,609
BRADFORD METROPOLITAN DISTRICT COUNCIL,0,609
CYBERDUCK,0,609
HEALTHCARE COMMUNICATIONS UK,0,609
INCREMENTAL GROUP,0,609
PARITY MEDICAL,0,609
WILMINGTON,0,609
DATALYTYX,0,609
HEALTHWORKS VENTURES,0,609
EVOLUTION RECRUITMENT SOLUTIONS,0,609
MODALITY SYSTEMS,0,609
HOPIN,0,609
DR WHITE & PARTNERS BURTON ON TRENT,0,609
COMMUNITY HEALTH PARTNERSHIPS,0,609
STORM TECHNOLOGIES,0,609
NHS CROYDON CCG,0,609
ANHH CONSULTING,0,609
EXETER CITY COUNCIL,0,609
ALLIED PUBLICITY SERVICES MANCHESTER LTD TA APS GROUP,0,609
FACTS AND DIMENSIONS,0,609
CHS HEALTHCARE SOFTWARE,0,609
UNIVERSITY OF LONDON,0,609
BLACK CAT EMBROIDERY,0,609
WOODROW MERCER HEALTHCARE,0,609
VL DIGITAL,0,609
UNIVERSAL AV SERVICES,0,609
ME LEARNING,0,609
MONITOR,0,609
HOOTSUITE MEDIA,0,609
SPECIALIST COMPUTER CENTRES,0,609
NHS PROPERTY SERVICES,0,609
DEXTROUS WEB,0,609
NCC GROUP ACCUMULI SECURITY,0,609
BLUETEQ,0,609
PUBLIC HEALTH ENGLAND,0,609
UNIVERSITY HOSPITALS PLYMOUTH NHS TRUST,0,609
HP INCUK,0,609
PROFESSIONAL DATA MANAGEMENT SERVICES,0,609
MEDIREST,0,609
TELEPERFORMANCE,0,609
CORE STREAM,0,609
IED,0,609
UNIFY ENTERPRISE COMMUNICATIONS,0,609
ADVANCED 365,0,609
GLEN DIMPLEX HOME APPLIANCES,0,609
HITACHI VANTARA,0,609
NATIONAL CARE FORUM,0,609
COMPLETE BUSINESS SOLUTIONS GROUP,0,609
SRCL,0,609
NATIONAL COUNCIL FOR VOLUNTARY ORGANISATIONS,0,609
SOCIETE GENERALE EQUIPMENT FINANCE,0,609
ENERGY SYSTEMS CATAPULT SERVICES,1,548
BMF HUMAN PERFORMANCE,1,548
AGILE BUSINESS PROCESS UK,1,548
AIRE LOGIC,1,548
KORN FERRY UK,1,548
NDTI,1,548
KASHMIR DEVELOPMENT FOUNDATION,1,548
ONLINE EDUCATION SERVICES,1,548
NATIONAL HEALTH SERVICE RETIREMENT FELLOWSHIP,1,548
BENCHMARK MANAGEMENT CONSULTING,1,548
MID AND SOUTH ESSEX FOUNDATION TRUST,1,548
UNIVERSITY COLLEGE PLYMOUTH ST MARK & ST JOHN,1,548
BEHAVIOURAL INSIGHTS,1,548
COMPASS CONTRACT SERVICES,1,548
COUNCIL OF SOMALI ORGANISATIONS,1,548
PEEL AND SCHRIEK CONSULTING,1,548
DONCASTER & BASSETLAW HOSPITALS NHS FOUNDATION TRUST,1,548
SHEFFIELD TEACHING HOSPITALS NHS FOUNDATION TRUST,1,548
CLAREMONT MARKETING COMMUNICATIONS,1,548
GARTNER UK,1,548
CORNWALL PARTNERSHIP NHS FOUNDATION TRUST,1,548
CIVICA UK,1,548
COLLEGE OF PODIATRY THE,1,548
CGL,1,548
LESLEY STEPHEN CONSULTING,1,548
ABOVE DIFFERENCE,1,548
NORTHUMBRIA HEALTHCARE NHS FOUNDATION TRUST,1,548
SOURCEXCHANGE GSY,1,548
PEPPY HEALTH,1,548
KINGS COLLEGE LONDON,1,548
OHALLORAN CONSULTANCY,1,548
CPI,1,548
OFFICE FOR NATIONAL STATISTICS,1,548
YORK AND SCARBOROUGH TEACHING HOSPITALS NHS FOUNDATION TRUST,1,548
WHOLE SYSTEMS PARTNERSHIP,1,548
INFOFLEX,1,548
ANGLIA RUSKIN UNIVERSITY,1,548
GRAIL BIO UK,1,548
B SOL LPC,1,548
LEARNING DISABILITY ENGLAND,1,548
IMPACT INNOVATION,1,548
LGC,1,548
TRANSFORMATION TRUST THE,1,548
EDGE HEALTH,1,548
DIABETES UK,1,548
TAMARIX PEOPLE,1,548
RCGP CONFERENCES,1,548
COMMON COUNCIL OF THE CITY OF LONDON,1,548
HEALTH FOUNDATION THE,1,548
PHILIPS INTERNATIONAL B V,1,548
BLOOM PROCUREMENT SERVICES,1,548
HIGH PERFORMANCE CHANGE,1,548
CHOOSE HEALTH,1,548
POINT OF CARE FOUNDATION,1,548
RAISE THE BAR,1,548
ZUHLKE ENGINEERING,1,548
SOMERSET NHS FOUNDATION TRUST,1,548
CLEVER TOGETHER LAB,1,548
HEALTHCARE SKILLS TRAINING INTERNATIONAL,1,548
IMPERIAL COLLEGE LONDON,1,548
MYERS BRIGGS COMPANY,1,548
NOTTINGHAMSHIRE LPC,1,548
INTENSIVE CARE NATIONAL AUDIT AND RESEARCH CENTRE ICNARC,1,548
CHARTERED INSTITUTE OF LOGISTICS AND TRANSPORTTHE,1,548
LONDON BOROUGH OF ENFIELD,1,548
ALL4HOLDINGS LTD TA ALL4MATERNITY,1,548
THERA TRUST,1,548
NORFOLK COUNTY COUNCIL,1,548
CLOVULLIN ASSOCIATES,1,548
SQW,1,548
PARALLEL DATA INTELLIGENCE,1,548
VJ VERMA,1,548
DEPARTMENT FOR INTERNATIONAL TRADE,1,548
BRITISH HEART FOUNDATION,1,548
HEMSLEY FRASER GROUP,1,548
ROYAL COLLEGE OF RADIOLOGISTS,1,548
HILL DICKINSON,1,548
MANAGING HEALTH SOLUTIONS,1,548
FAITHFUL & GOULD,1,548
BRADFORD & DISTRICT COMMUNITY EMPOWERMENT NETWORK,1,548
VUEALTA,1,548
UNIVERSITY OF PLYMOUTH ENTERPRISE,1,548
TURNING POINT,1,548
UNIVERSITY OF OXFORD,1,548
JUICE BY DESIGN,1,548
GENERAL MEDICAL COUNCIL,1,548
RICHARD DIMBLEBY CANCER FUND,1,548
CAMFORD MEDICALS,1,548
RCN PUBLISHING COMPANY,1,548
COHORT SOFTWARE,1,548
UNIVERSITY OF READING,1,548
WAKEFIELD COUNCIL,1,548
DECISION INC UNITED KINGDOM,1,548
COMMUNITY WORKS,1,548
MONSTARLAB UK,1,548
BEDFORDSHIRE HOSPITAL FOUNDATION TRUST,1,548
NETCOMPANY UK,1,548
PHAST,1,548
DIGIBETE CIC,1,548
HELEN BRADBURN,1,548
CONTENT DESIGN LONDON,1,548
NEWCASTLE UNIVERSITY,1,548
INSIGHT EXECUTIVE GROUP,1,548
UNIVERSITY OF MANCHESTER THE,1,548
INFORMED GENOMICS,1,548
HUMANKIND,1,548
MIND THE GAP,1,548
FUTURE CARE CAPITAL,1,548
EGW PSYCHOLOGY SERVICES,1,548
QUALITEST GROUP UK,1,548
INSPIRING HOPE,1,548
PROSPECT BUSINESS CONSULTING,1,548
SOUTH LONDON AND MAUDSLEY NHS FOUNDATION TRUST,1,548
UNIVERSITY OF YORK,1,548
NEWTON EUROPE,1,548
OXFORD SAID BUSINESS SCHOOL,1,548
UNIVERSITY OF EDINBURGH,1,548
UCAS MEDIA,1,548
BIRMINGHAM WOMENS AND CHILDRENS NHS FOUNDATION TRUST,1,548
EXTERNAL QUALITY ASSESSMENT SERVICES,1,548
SUNDERLAND COUNSELLING SERVICES,1,548
SOUTH WEST YORKSHIRE PARTNERSHIP NHS FOUNDATION TRUST,1,548
MICROLIFE HEALTH MANAGEMENT,1,548
TRICORDANT,1,548
BRITISH ISLAMIC MEDICAL ASSOCIATION,1,548
REVOLVING DOORS AGENCY,1,548
HEMPSONS,1,548
UNIVERSITY OF PLYMOUTH,1,548
ICAEW,1,548
SEYMOUR JOHN PUBLIC SERVICES MIDLANDS,1,548
USER VOICE,1,548
CM MONITOR BRITAIN THINKS,1,548
RENAL ASSOCIATION,1,548
DE MONTFORT UNIVERSITY,1,548
MOBIUS WORKS,1,548
OLIVER WYMAN,1,548
HPMA HEALTHCARE PEOPLE MANAGEMENT ASSOCIATION,1,548
DELOITTE,1,548
INSTITUTE FOR EMPLOYMENT STUDIES,1,548
CARE QUALITY COMMISSION,1,548
BADENOCH & CLARK,1,548
CHESHIRE EAST BOROUGH COUNCIL,1,548
SPEAKERS FOR SCHOOLS,1,548
ROYAL FREE LONDON NHS FOUNDATION TRUST,1,548
CENTRE FOR MENTAL HEALTH TRAINING,1,548
BOA & ASSOCIATES CONSULTANCY,1,548
MHFA ENGLAND CIC,1,548
HEALTHCARE QUALITY IMPROVEMENT PARTNERSHIP,1,548
HYGEIAN CONSULTING,1,548
BRITISH SOCIETY OF ANTIMICROBIAL CHEMOTHERAPY,1,548
A KIND LIFE,1,548
EXIMIOUS ALLIANCE,1,548
DATRIX LEARNING SERVICES,1,548
APPIAN SOFTWARE INTERNATIONAL LLC,1,548
KINGS FUND,1,548
MCCONNELLS MIDLANDS,1,548
THINKNOW,1,548
SAFEHAND CONSULTING,1,548
ABLEDOCS,1,548
HULT INTERNATIONAL BUSINESS SCHOOL,1,548
FIDENDA,1,548
ROYAL NATIONAL ORTHOPAEDIC HOSPITAL NHS TRUST,1,548
YORKSHIRE & HUMBER AHSN,1,548
COACHING FOR CHANGE,1,548
IMPERIAL COLLEGE HEALTHCARE NHS TRUST,1,548
HFMA,1,548
KEYRING LIVING SUPPORT NETWORK,1,548
WOODNEWTON ASSOCIATES,1,548
RSM UK CONSULTING,1,548
SAMARITAN ENTERPRISES LTD THE,1,548
TEES ESK & WEAR VALLEYS NHS FOUNDATION TRUST,1,548
BOURNEMOUTH UNIVERSITY,1,548
MA EDUCATION,1,548
STROKE ASSOCIATION,1,548
UCL CONSULTANTS,1,548
WORCESTERSHIRE ACUTE HOSPITALS NHS TRUST,1,548
EMPLOYEE PULSECHECK,1,548
AMADEUS SOFTWARE,1,548
KNOWLEDGE & INNOVATION PARTNERSHIPS,1,548
IBM UK,1,548
EDEN HEALTH AND SOCIAL CARE,1,548
CONFEDERATION OF GREATER MANCHESTER LOCS,1,548
PRIVATE PUBLIC,1,548
ASHRIDGE EXECUTIVE & ORGANISATION DEVELOPMENT,1,548
DAC BEACHCROFT,1,548
JNETICS,1,548
EFFICIO,1,548
FIREBRAND TRAINING,1,548
HEALTH EDUCATION ENGLAND,1,548
BOSTON CONSULTING GROUP UK,1,548
BEVAN BRITTAN,1,548
NATIONAL CHILDRENS BUREAU,1,548
BARINGA PARTNERS,1,548
PEOPLE INSIGHT,1,548
SPARTA GLOBAL,1,548
BEDFORD CONSULTANCY SERVICES,1,548
ROYAL COLLEGE OF PSYCHIATRISTS,1,548
MOORHOUSE CONSULTING,1,548
NHS NORTH OF ENGLAND CSU,1,548
POWER EFFICIENCY,1,548
BUSINESS LITERACY,1,548
LIAISON FINANCIAL SERVICES,1,548
BDO,1,548
ABI MASTERSON CONSULTING,1,548
AXIOLOGIK,1,548
ALLOCATE SOFTWARE,1,548
CENTRAL LONDON COMMUNITY HEALTHCARE NHS TRUST,1,548
ARCHUS,1,548
APM GROUP,1,548
FLORENCE NIGHTINGALE FOUNDATION,1,548
RM INNOVATIONS & LEADERSHIP,1,548
ROYAL SOCIETY FOR PUBLIC HEALTH,1,548
BMJ PUBLISHING GROUP,1,548
NATIONAL INSTITUTE FOR HEALTH AND CARE EXCELLENCE,1,548
MEDIA REACH ADVERTISING,1,548
CARBON LITERACY TRUSTTHE,1,548
Q2 HEALTH CONSULTING,1,548
DDM HEALTH,1,548
MIH MAKE IT HAPPEN SOLUTIONS,1,548
GLOBAL TALENT COMPASS,1,548
ECCLESHILL ADVENTURE PLAYGROUND,1,548
NODES AGENCY,1,548
PRACTICUS,1,548
BROWNE JACOBSON,1,548
BATES IT,1,548
HOSPICE UK,1,548
KINETIK MEDICAL DEVICES,1,548
SOLUTIONS STRATEGY RESEARCH FACILITATION,1,548
PASSEPARTOUT CONSULTING,1,548
HEREFORDSHIRE & WORCESTERSHIRE LPC,1,548
NHS LOTHIAN,1,548
UNITY INSIGHTS,1,548
WOLFE SOLUTIONS,1,548
KAINOS SOFTWARE,1,548
ROWLANDS ASSOCIATES,1,548
BRITISH INSTITUTE OF HUMAN RIGHTS,1,548
UNIVERSITY OF LIVERPOOL,1,548
CHOICES 4 ALL,1,548
CYBER SPIDER,1,548
BOLTON GP PARTNERSHIP,1,548
EAST AND NORTH HERTFORDSHIRE NHS TRUST,1,548
NHS PROVIDERS,1,548
BEYOND CONSULTANTS,1,548
CARNALL FARRAR,1,548
NAVIGO,1,548
KINGSTON UNIVERSITY LONDON,1,548
MERSEY CARE NHS FOUNDATION TRUST,1,548
PROGRAM PLANNING PROFESSIONALS,1,548
FOCUS GAMES,1,548
LIBERATE,1,548
IQVIA,1,548
TOWN & COUNTRY PLANNING ASSOCIATION,1,548
QI CONSULTING,1,548
IPSOS MARKET RESEARCH,1,548
UNIVERSITY OF SOUTHAMPTON,1,548
CHESHIRE AND WIRRAL PARTNERSHIP NHS FOUNDATION TRUST,1,548
CARDIFF AND VALE ULHB,1,548
GYPSYLIFE,1,548
HIPPO DIGITAL,1,548
CLARITY CONSULTING ASSOCIATES,1,548
FARLEY DWEK SOLICITORS,1,548
PEARL B SOLUTIONS,1,548
GATENBYSANDERSON,1,548
HEALTH AND CARE INNOVATIONS,1,548
GOWLING WLG UK,1,548
DELOITTE MCS,1,548
BRADFORD VCS ALLIANCE,1,548
O D HEALTH,1,548
CLAIRE CAIRNS ASSOCIATES,1,548
NHS SANDWELL AND WEST BIRMINGHAM CCG,1,548
ERNST & YOUNG,1,548
KANTAR PUBLIC UK,1,548
ST JOHN AMBULANCE,1,548
NHS SHARED BUSINESS SERVICES,1,548
UNI HOSPITAL SOUTHAMPTON NHS FT,1,548
CAUDWELL CHILDREN,1,548
ISIO GROUP,1,548
PUBLIC SERVICE CONSULTANTS LTD THE,1,548
LOCAL GOVERNMENT ASSOCIATION,1,548
NHS BUSINESS SERVICES AUTHORITY,1,548
INFORM SOLUTIONS,1,548
LONDON INTERNATIONAL EXHIBITION CENTRE,1,548
TELEFONICA TECH NORTHERN IRELAND,1,548
MINDWAVE VENTURES,1,548
ESSENTIA TRADING,1,548
NATIONAL AUDIT OFFICE,1,548
HARLOW CONSULTING SERVICES,1,548
INTEGRATED ENVIRONMENTAL SOLUTIONS,1,548
TAVISTOCK INSTITUTE THE,1,548
CONTACT A FAMILY,1,548
INVOLVE PEOPLE,1,548
IC MANAGEMENT SOLUTIONS,1,548
BABY LIFELINE TRAINING,1,548
COMPLIANCE SOLUTIONS LIFE SCIENCES,1,548
CREDERA,1,548
MCKINSEY & CO,1,548
BIG HEALTH,1,548
FOUR EYES INSIGHT,1,548
ROGUE ROBOT,1,548
BARNARDOS,1,548
OLIVE JAR DIGITAL,1,548
ST GEORGE PARTNERS,1,548
AVENTIS SOLUTIONS,1,548
UNIVERSITY OF WOLVERHAMPTON,1,548
BRITISH GEOLOGICAL SURVEY,1,548
MILTON KEYNES HOSPITAL NHS FOUNDATION TRUST,1,548
WHARTON BUSINESS CONSULTING,1,548
ST GILES TRUST,1,548
EDUCATION FOR HEALTH,1,548
CU SERVICES,1,548
ETHICAL HEALTHCARE,1,548
ROYAL COLLEGE OF OBSTETRICIANS & GYNAECOLOGY,1,548
CENTRE FOR MENTAL HEALTH,1,548
PATIENTS ASSOCIATION THE,1,548
LONDON PATHWAY,1,548
ALTADICTA COMMUNICATIONS,1,548
YORK HEALTH ECONOMICS CONSORTIUM,1,548
OBJECTIVITY,1,548
WIRRAL MENCAP,1,548
NATIONAL AUTISTIC SOCIETY,1,548
MARKET & OPINION RESEARCH INTERNATIONAL,1,548
WARWICKSHIRE LPC,1,548
MARTINDALE PHARMA,1,548
RUSSELL REYNOLDS ASSOCIATES,1,548
RIBER CONSULTANTS,1,548
NHS ENGLAND,1,548
GLEEDS ADVISORY,1,548
ALEXANDER MANN SOLUTIONS,1,548
HEALTHCARE FINANCIAL MANAGEMENT ASSOCIATION,1,548
SOUTH WEST PENINSULA AHSN,1,548
BLEND ASSOCIATES,1,548
NORFOLK & SUFFOLK NHS FOUNDATION TRUST,1,548
ICS INGAGE,1,548
INTEGRAL HEALTH SOLUTIONS,1,548
COLLEGE OF HEALTHCARE INFORMATION MANAGEMENT EXECUTIVES,1,548
CEGEDIMRX PHARMACY HEALTH SOLUTIONS,1,548
TPXIMPACT,1,548
SEYMOUR JOHN PUBLIC SERVICES NORTH,1,548
HARINGEY GP GROUP,1,548
EAST LONDON NHS FOUNDATION TRUST,1,548
GUYS & ST THOMAS HOSPITAL NHS FOUNDATION TRUST,1,548
HUMBER TEACHING NHS FOUNDATION TRUST,1,548
NORTH BRISTOL NHS TRUST,1,548
ACADEMIC HEALTH SCIENCE NETWORK FOR THE NORTH EAST & NORTH CUMBRIA,1,548
FACULTY SCIENCE,1,548
LIBERATION ADVISORY,1,548
UNIVERSITY OF BRISTOL,1,548
BASIS SOCIAL,1,548
CLIFTON COURT PRACTICE,1,548
CIPD ENTERPRISES,1,548
FRONTIER ECONOMICS,1,548
ICE CREATES,1,548
CIPFA,1,548
DESQ,1,548
ROYAL DEVON AND EXETER NHS FOUNDATION TRUST,1,548
HENIGAN CONSULTING GROUP,1,548
PRICEWATERHOUSECOOPERS,1,548
MOVEMENT FOR MODERN LIFE,1,548
PEOPLEHUB NETWORK COMMUNITY INTEREST CO,1,548
SKILLED EDUCATION,1,548
AGILIA INFRASTRUCTURE PARTNERS,1,548
TALENTIC,1,548
CARE UNBOUND,1,548
SURVIVORS TRUST,1,548
CAPSTICKS SOLICITORS,1,548
SOLIHULL METROPOLITAN BOROUGH COUNCIL,1,548
HEALTH INNOVATION WESSEX,1,548
SKILLS FOR CARE,1,548
11KBW,1,548
ANNA FREUD CENTRE,1,548
CHANGETECH AS,1,548
PLYMOUTH MARJON UNIVERSITY,1,548
ISSURED,1,548
DONNA OCKENDEN,1,548
IMPROVEMENT AND DEVELOPMENT AGENCY FOR LOCAL GOVERNMENT,1,548
DARTMOUTH COLLEGE,1,548
HEALTHCARE BUSINESS SOLUTIONS UK,1,548
TOWER HAMLETS GP CARE GROUP,1,548
NORTHERN CARE ALLIANCE NHS FOUNDATION TRUST,1,548
NICHE HEALTH & SOCIAL CARE CONSULTING,1,548
YPG PROJECT,1,548
MILLS & REEVE,1,548
THOUGHTWORKS,1,548
THEEMIS CONSULTING,1,548
TENEO BUSINESS CONSULTING,1,548
UNIVERSITY OF NORTHAMPTON,1,548
GOVERNMENT LEGAL DEPARTMENT,1,548
BRITISH YOUTH COUNCIL,1,548
NATIONAL EXHIBITION CENTRE LTD THE,1,548
SYHA ENTERPRISES,1,548
CORAM WORKFORCE MODELLING,1,548
WORK PSYCHOLOGY,1,548
ETHICAL LEGAL SERVICES LTD TA BEACON,1,548
TEESSIDE UNIVERSITY,1,548
ROYAL COLLEGE OF NURSING,1,548
KPMG,1,548
SOUTHERN HEALTH NHS FOUNDATION TRUST,1,548
CARING SOLUTIONS UK,1,548
HEALTHY YOU,1,548
CARERS UK,1,548
ROYAL LIVERPOOL AND BROADGREEN UNIVERSITY HOSPITALS NHS TRUST,1,548
NACRO,1,548
CUBE CREATIVE,1,548
UNIVERSITY OF CENTRAL LANCASHIRE,1,548
SKILLS FOR HEALTH,1,548
AXIS12,1,548
DAVIES FURLONG CONSULTING,1,548
SITEKIT APPLICATIONS,1,548
UNIVERSITY OF THE WEST OF ENGLAND,1,548
SOUTH WARWICKSHIRE NHS FOUNDATION TRUST,1,548
SHARPE PRITCHARD,1,548
LOUGHBOROUGH UNIVERSITY ENTERPRISES,1,548
ROYAL SOCIETY OF MEDICINE THE,1,548
HEALTHCARE COMMISSIONING SERVICES,1,548
TALENT BEYOND BOUNDARIES,1,548
PRESCRIBING SERVICES,1,548
ESCALLA TS,1,548
UNIVERSITY OF DUNDEE,1,548
DUN & BRADSTREET,1,548
ALDER HEY CHILDRENS NHS FOUNDATION TRUST,1,548
PATHFINDER HEALTHCARE DEVELOPMENTS CIC,1,548
ASHFORD & ST PETERS HOSPITALS NHSFT,1,548
UNIVERSITY OF BIRMINGHAM,1,548
LEEDS BECKETT UNIVERSITY,1,548
THINK AHEAD ORGANISATION THE,1,548
INSTITUTE FOR HEALTHCARE IMPROVEMENT,1,548
NEWCASTLE UPON TYNE HOSPITALS NHS FOUNDATION TRUST,1,548
FTI CONSULTING,1,548
BLUE SCREEN IT,1,548
CAMBRIDGESHIRE & PETERBOROUGH NHS FOUNDATION TRUST,1,548
JTB CORP,1,548
INNOVAS CONSULTING SOLUTIONS,1,548
ASSOCIATION OF AMBULANCE CHIEF EXECUTIVES,1,548
UNMIND,1,548
PA CONSULTING SERVICES,1,548
LEADERSHIP CENTRE,1,548
LIVERPOOL UNIVERSITY HOSPITALS NHS FOUNDATION TRUST,1,548
DLA PIPER UK,1,548
RELATE,1,548
FACERE MELIUS,1,548
CEGEDIM RX,1,548
CAPPFINITY,1,548
HL7 UK,1,548
POSSIBILITY SPACE DT,1,548
LAGOM STRATEGY,1,548
LOGEX BV,1,548
MENTAL HEALTH INNOVATIONS,1,548
NHS CONFEDERATION,1,548
PRACTIVE,1,548
LANGUAGE EMPIRE,1,548
ACCENTURE UK,1,548
CRANLEA HUMAN PERFORMANCE,1,548
GILL NORMANBRUCE,1,548
HEALTH ASSURED,1,548
COMMON ROOM NORTH,1,548
REFUAID EQUAL ACCESS CIC,1,548
NHS LEWISHAM CCG,1,548
CONFEDERATION HILLINGDON CIC THE,1,548
LINKEDIN IRELAND,1,548
NTT DATA UK,1,548
MEDALLIA,1,548
SOUTH TEES HOSPITALS NHS FOUNDATION TRUST,1,548
PICKER INSTITUTE EUROPE,1,548
KEELE UNIVERSITY,1,548
NHS NOTTINGHAM CITY CCG,1,548
LGBT FOUNDATION,1,548
ROYAL COLLEGE OF GENERAL PRACTITIONERS,1,548
ROYAL MARSDEN NHS FOUNDATION TRUST THE,1,548
NAPC SERVICES,1,548
HELP AND CARE,1,548
LOGAN TOD & COMPANY,1,548
AT WORK PARTNERSHIP,1,548
NATIONAL DEVELOPMENT TEAM FOR INCLUSION NDTI,1,548
OPTUM HEALTH SOLUTIONS UK,1,548
MITIE,1,548
RELATIONS GROUP,1,548
QUEENS NURSING INSTITUTE,1,548
NIGHTINGALE DESIGN RESEARCH,1,548
HURLEY GROUP,1,548
ROYAL COLLEGE OF PHYSICIANS,1,548
JRTS MEDICAL,1,548
OXFORD CITY COUNCIL,1,548
SOUTH TYNESIDE & SUNDERLAND NHS FOUNDATION TRUST,1,548
ROLLS ROYCE,1,548
DEVON PARTNERSHIP NHS TRUST,1,548
MASON ADVISORY,1,548
IRWIN MITCHELL,1,548
NOUS GROUP UK,1,548
HCRG MEDICAL SERVICES,1,548
BOUNCE TECHNOLOGIES,1,548
CAPGEMINI UK,1,548
COMMUNITY PHARMACY WEST YORKSHIRE,1,548
VEOR SURGERY,1,548
ACADEMY OF MEDICAL ROYAL COLLEGES,1,548
HERTFORDSHIRE COUNTY COUNCIL,1,548
HI WELDRICK,1,548
POSITIVE SOLUTIONS,1,548
PUBLIC VIEW,1,548
INNOVATION TRIBE,1,548
INVICTUS GAMES FOUNDATION,1,548
MORGAN LAW PARTNERS,1,548
HEALTH & CARE INNOVATIONS,1,548
SPECTRUM COMMUNITY HEALTH CIC,1,548
PREVENTX,1,548
PATCHWORK HEALTH,1,548
EAST SUFFOLK AND NORTH ESSEX NHS FOUNDATION TRUST,1,548
ACADEMY FOR HEALTHCARE SCIENCE,1,548
K2 MEDICAL SYSTEMS,1,548
CYNERGY UK,1,548
CLATTERBRIDGE CANCER CENTRE NHS FT,1,548
FACULTY OF MEDICAL LEADERSHIP & MANAGEMENT,1,548
OPERATIONAL RESEARCH IN HEALTH,1,548
SMART SURVEY,1,548
QUEEN ELIZABETH HOSPITAL KINGS LYNN NHS FOUNDATION TRUST,1,548
ROYAL COLLEGE OF PAEDIATRICS & CHILD HEALTH,1,548
EVIDENCE CENTRE,1,548
THOMPSONS SOLICITORS,1,548
TONIC CONSULTANTS,1,548
BJSS,1,548
PROFESSIONAL RECORD STANDARDS BODY,1,548
BRUNEL UNIVERSITY,1,548
IPSOS MORI NORTH,1,548
TURNING POINT SERVICES,1,548
TALENT FOUNDRY TRUST THE,1,548
IFF RESEARCH,1,548
GATE ONE,1,548
KCOM GROUP,1,548
UNIVERSITY OF EXETER,1,548
HELPFORCE COMMUNITY CIC,1,548
ADVISEINC,1,548
COGNITIVE EDGE,1,548
MASTEK,1,548
LIVERPOOL JOHN MOORES UNIVERSITY,1,548
CURRIE & BROWN UK,1,548
NATIONAL VOICES,1,548
CM MONITOR LTD TA BRITAINTHINKS,1,548
TRAVERSE,1,548
LIVING POTENTIAL CONSULTING,1,548
YORK TEACHING HOSPITAL NHS FOUNDATION TRUST,1,548
ARMY FAMILIES FEDERATION,1,548
WORKING TIME SOLUTIONS,1,548
TIMEWISE SOLUTIONS,1,548
ISG CONSTRUCTION,1,548
HEALTH CARE SUPPLY ASSOCIATION,1,548
BLAKE MORGAN,1,548
TMP UK,1,548
CXPARTNERS,1,548
TACTUUM,1,548
GE HEALTHCARE FINNAMORE,2,465
KARL STORZ ENDOSCOPY UK,2,465
BUNTON CIVIL & CONSTRUCTION,2,465
TRIAD CONTROLS,2,465
W B POWERS SERVICES,2,465
GIBSONS GARDEN MACHINERY,2,465
INTUITIVE SURGICAL,2,465
HEALTHNET HOMECARE UK,2,465
CNLR HORIZONS,2,465
SCOTT MEDICAL,2,465
NHS SUPPLY CHAIN,2,465
HD CLINICAL,2,465
GRS ELECTRICAL SERVICES,2,465
CSL BEHRING UK,2,465
ALUMNI EXECUTIVE SEARCH UK LTD TA ALUMNI,2,465
THE ID MEDICAL GROUP,2,465
LABORIE MEDICAL TECHNOLOGIES UK,2,465
AFOS,2,465
JANSSEN CILAG,2,465
LINCA WORKFORCE DEVELOPMENT,2,465
SHAWBROOK BANK,2,465
MTX CONTRACTS,2,465
NEST,2,465
THORLUX LIGHTING,2,465
EVIDENT EUROPE GMBH UK BRANCH,2,465
R E WRIGHT BRADFORD,2,465
FOCUS CONSULTANTS 2010,2,465
MAQUET,2,465
SENSE MEDICAL,2,465
TIC MOBILE,2,465
NHS BUSINESS SERVICES AUTH PENSION SCHEME,2,465
CLASSIC LIFTS,2,465
PRESTO NURSING,2,465
RICHARD WOLF UK,2,465
FUJIFILM SONOSITE,2,465
HEALTHCARE AT HOME,2,465
AIRQUEE,2,465
HM REVENUE & CUSTOMS,2,465
VEOLIA ES RESOURCE EFFICIENCY,2,465
MERSEY & WEST LANCASHIRE TEACHING HOSPITALS,2,465
HARMONY FIRE,2,465
BRACCO UK,2,465
ITH PHARMA,2,465
BK MEDICAL UK,2,465
JOHNSON & JOHNSON MEDICAL,2,465
STORZ MEDICAL UK,2,465
BRANDON MEDICAL CO,2,465
LINDUM GROUP,2,465
JA RICHARDSON ELECTRICAL,2,465
DELTA SURGICAL,2,465
EJ PARKER TECHNICAL SERVICES CENTRAL,2,465
GEOFFREY ROBINSON,2,465
NHS SUPPLY CHAINMAINTENANCEDO NOT USE,2,465
CLOUD 21,2,465
ANSA ELEVATORS,2,465
MITIE WASTE & ENVIRONMENTAL SERVICES,2,465
NOVUS PROPERTY SOLUTIONS,2,465
AVIDITY SCIENCE,2,465
DSSR CONSULTING ENGINEERS,2,465
ARJO UK,2,465
CROWTHER & SHAW,2,465
POWER CONTROL,2,465
SCCL LTD NHS SUPPLY CHAIN CAPITAL,2,465
MEDISPACE DIAGNOSTICS,2,465
HH SMITH & SONS CO,2,465
BIOQUELL UK,2,465
TILBURY DOUGLAS CONSTRUCTION,2,465
CORECARE GLOBAL LTD TA VIVID CARE,2,465
PEC BUILDING SERVICES,2,465
BBR ROOFING,2,465
DUCTCLEAN UK LTD TA DCUK FM,2,465
OXFORD BROOKES UNIVERSITY,2,465
MAINLINE INSTRUMENTS,2,465
DALROD UK,2,465
GHX UK,2,465
SCCL NHS SUPPLY CHAIN SALES,2,465
SYNAPPS SOLUTIONS,2,465
ROTAMAP,2,465
DIATEC DIAGNOSTICS,2,465
BLS ASBESTOS,2,465
V COUZENS STAMFORD,2,465
DP MEDICAL SYSTEMS,2,465
ALLIANCE MEDICAL,2,465
ALTERIOR LTD TA HULBERT DENTAL ICT,2,465
NHS WEST YORKSHIRE INTEGRATED CARE BOARD,2,465
ALEXION PHARMA UK,2,465
OPS ENVIRONMENTAL SERVICES,2,465
NHS LINCOLNSHIRE WEST CCG,2,465
MEDINET CLINICAL SERVICES,2,465
MEDRAY UK,2,465
GAUMARD SCIENTIFIC CO,2,465
PROBO MEDICAL,2,465
MID YORKSHIRE HOSPITALS NHS TRUST,2,465
CARTER & CORSON PARTNERSHIP,2,465
CALDERDALE & HUDDERSFIELD NHS FOUNDATION TRUST,2,465
RYDER ARCHITECTURE,2,465
SUDLOWS,2,465
HILL ROM,2,465
LABLOGIC SYSTEMS,2,465
FAIRFORD MEDICAL,2,465
TOPCON GB,2,465
BARD,2,465
ERNST AND YOUNG,2,465
MICAD SYSTEMS UK,2,465
LEICA MICROSYSTEMS UK,2,465
INTEGRATED UTILITY SERVICES,2,465
VEOLIA ES UK,2,465
I&P ENGINEERING,2,465
MS STORAGE EQUIPMENT,2,465
CARESTREAM HEALTH UK,2,465
NUFFIELD HEALTH,2,465
MEDAPHOR,2,465
AV 2000,2,465
NJ DEVICES LTD TRADING AS OCEAN MED,2,465
SCHNEIDER ELECTRIC,2,465
MEDTRONIC,2,465
HEALTHNET CONNECTIONS,2,465
ABBOTT MEDICAL UK,2,465
STRYKER UK,2,465
MEDISOFT,2,465
PINEAPPLE CONTRACTS UNLTD,2,465
UNIPHAR MEDTECH UK LTD TA CARDIAC SERVICES,2,465
NOTTINGHAM UNIVERSITY HOSPITALS NHS TRUS,2,465
IMPOWER CONSULTING,2,465
IPRS MEDIQUIPE,2,465
NIFES CONSULTING GROUP,2,465
SALARY FINANCE LIMITEDBORROW PRODUCT,2,465
SCOTMAS GROUP,2,465
MOUNT INTERNATIONAL ULTRASOUND SERVS,2,465
COCHLEAR EUROPE,2,465
VENTRO,2,465
LYNTON TRAILERS UK,2,465
TURNER & TOWNSEND PROJECT MANAGEMENT,2,465
NIFES PROPERTY,2,465
END OF LIFE CARE INTEGRATOR,2,465
NWB OXFORD EDUCATION CONSULTANCY,2,465
ALNYLAM UK,2,465
LAERDAL MEDICAL,2,465
WARDRAY PREMISE,2,465
ALLIANCE HEALTHCARE DISTRIBUTION,2,465
VARIAN MEDICAL SYSTEMS UK,2,465
PROCOMM SITE SERVICES,2,465
B BRAUN MEDICAL,2,465
EA FOULDS,2,465
AIREDALE INTERNATIONAL AIR CONDITIONING,2,465
SAFECONTROL,2,465
ENVIRONTEC,2,465
DRAEGER MEDICAL UK,2,465
J TOMLINSON,2,465
GK WOOD & SON LTD TA FULBOURN MEDICAL,2,465
HEIDELBERG ENGINEERING,2,465
BAYWATER HEALTHCARE UK,2,465
HOSPITAL METALCRAFT,2,465
MODULECO,2,465
BRADFORD CHILDREN AND FAMILIES TRUST,2,465
GEO HOULTON & SONS,2,465
BECTON DICKINSON CME UK,2,465
JANSSENCILAG,2,465
ECHOSENS UK,2,465
ABBVIE,2,465
PINEAPPLE CONTRACTS UNLIMITED,2,465
NHS BLOOD & TRANSPLANT,2,465
GENZYME THERAPEUTICS,2,465
SOURCE GROUP,2,465
CHRYSTAL CONSULTING,2,465
NISBETS,2,465
EUROSAFE SOLUTIONS,2,465
COBALT HEALTH,2,465
AYNSLEY BUILDING SERVICES,2,465
SHEFFIELD HALLAM UNIVERSITY,2,465
DRIVE DEVILBISS HEALTHCARE,2,465
MIND IN BRADFORD,2,465
G4S SECURE SOLUTIONS UK,2,465
GRAFTON OPTICAL CO,2,465
XCELL MISTING,2,465
NOVARTIS PHARMACEUTICALS UK,2,465
JCP CONSULTING ENGINEERS,2,465
RESMED,2,465
HYDROX AIR,2,465
CITY OF BRADFORD MDC,2,465
GLOBAL RESILIENCE SERVS,2,465
STANNAH LIFT SERVICES,2,465
CLERKS OF WORKS INSPECTOR SERVICES,2,465
HAAG STREIT UK,2,465
AAH HOSPITAL SERVICE,2,465
PHILIPS UK AND IRELAND,2,465
FRESENIUS KABI,2,465
QUDOS LIFTS,2,465
INTUITIVE SURGICAL LTD CAPITAL,2,465
RON GALE & SONS,2,465
BREAS MEDICAL,2,465
OCURA HEALTHCARE FURNITURE,2,465
CONMED UK,2,465
BECTON DICKINSON UK,2,465
OMEGA ENVIRONMENTAL SERVICES,2,465
NHS BUSINESS SERVICES AUTHORITY PENSIONS,2,465
TRISOFT,2,465
SCCL NHS SUPPLY CHAIN CAPITAL,2,465
SEYMOUR & CASTLE,2,465
BIOTEST UK,2,465
MEDISCAN DIAGNOSTIC SERVICES,2,465
STERIS SOLUTIONS,2,465
FREELANCE SURGICAL,2,465
OPTOS,2,465
ARTHREX,2,465
OPTIMA MEDICAL,2,465
DAY ARCHITECTURAL,2,465
GELDER,2,465
ULTRAMEDIC,2,465
HOSPEDIA,2,465
GR ELECTRICAL SERVICES,2,465
HELICON HEALTH,2,465
WELL,2,465
BRIGHT TECHNOLOGIES,2,465
FUJIFILM UK,2,465
NORTHERN LINCS&GOOLE HOSPITAL NHS FT,2,465
DEOS CONSULTANCY,2,465
INSTINCTIVE,2,465
CENTRAL POWER SERVICES,2,465
CHARTER KONTRON,2,465
LIAISON VAT CONSULTANCY,2,465
KEYMED MEDICAL & INDUSTRIAL EQUIPMENT,2,465
OXYLITRE,2,465
COOK UK,2,465
BRIDGER CARR ARCHITECTS,2,465
HUNTLEIGH HEALTHCARE,2,465
AGILE WORKFORCE SERVICES,2,465
ELSEVIER BV,2,465
HOSPITAL SERVICES,2,465
NEC GRAPHFIX,2,465
PROGRESS HOUSING ASSOCIATION,2,465
OSKA UK,2,465
CANON MEDICAL SYSTEMS,2,465
SECURITAS TECHNOLOGY,2,465
EJ PARKER TECHNICAL SERVICES LOUTH,2,465
CAPITA IT SERVICES,2,465
UNIVERSITY OF LINCOLN,2,465
TELEFLEX MEDICAL,2,465
DIAGNOSTIC HEALTHCARE,2,465
PROFESSIONAL FIRE SYSTEMS AND PROJECTS,2,465
HERMES MEDICAL SOLUTIONS,2,465
SHIRE PHARMACEUTICALS,2,465
ZOLL MEDICAL UK,2,465
DRIVE DEVILBISS SIDHIL,2,465
CENTRICA BUSINESS SOLUTIONS UK,2,465
CROWN OIL ENVIRONMENTAL,2,465
INPHASE MOBILE MRI SERVICES,2,465
NOVACOR UK,2,465
CHERRY TREE HOMES GB,2,465
JUST R,2,465
AMGEN,2,465
ID MEDICAL,2,465
CANTEL UK,2,465
PENTAX UK,2,465
BIOTRONIK UK,2,465
BIGHAND,2,465
BAUSCH AND LOMB UK,2,465
AVENTIS PHARMA LTD TA SANOFI PASTEUR,2,465
TOPSCAN UK,2,465
FLAKT GROUP UK,2,465
BRADFORD CARE ALLIANCE,2,465
BAYER,2,465
HEALTHCARE VALIDATION SERVICES,2,465
MEDEVOLVE,2,465
SG RADIOLOGY & ASSOCIATES,2,465
MORGAN SINDALL CONSTRUCTION & INFRASTRUCTURE,2,465
CURTINS CONSULTING,2,465
LITECHNICA,2,465
EDMUNDSON ELECTRICAL,2,465
CENTRAL MEDICAL SUPPLIES,2,465
SMARTWAY PHARMACEUTICALS,2,465
CODE BUILDING SOLUTIONS,2,465
EAST KIRKBY ENGINEERING CO,2,465
EQUINITI 360 CLINICAL,2,465
MITIE SECURITY,2,465
MACHENAIR,2,465
ONCOLOGY SYSTEMS,2,465
MINDRAY UK,2,465
ALLERGAN,2,465
NEWMAN MOORE,2,465
CHECKIT EUROPE,2,465
BPR MEDICAL,2,465
HINGS GROUP,2,465
GRIFOLS UK,2,465
XIEL,2,465
FREEDOM FIRE SECURITY MAINTENANCE,2,465
JOHN GRAHAM CONSTRUCTION,2,465
RESOURCE FINDER,2,465
WOLSELEY UK,2,465
WH BENCE COACHWORKS,2,465
REACTIVE INTEGRATED SERVICES,2,465
NORTHERN MECHANICAL SERVICES,2,465
ROGER BUDGE ELECTRICAL ENGINEERING,2,465
CHURCHILL SPECIALIST CONTRACTING,2,465
BRISTOL MYERS SQUIBB PHARMACEUTICALS,2,465
INTERSERVE CONSTRUCTION,2,465
WESTCLIFFE HEALTH INNOVATIONS,2,465
MINSTER SURFACING,2,465
HOLOGIC,2,465
HOBSON AND PORTER,2,465
TJ SMITH & NEPHEW,2,465
PULSE ASSOCIATES LIMITED TA PULSE CONSULT,2,465
NAUTILUS CONSULTING,2,465
ANETIC AID,2,465
FISHER & PAYKEL HEALTHCARE,2,465
FLOWBIRD SMART CITY UK,2,465
SANCTUARY PERSONNEL,2,465
VERATHON MEDICAL UK,2,465
HOLT DOCTORS,2,465
SUPPLY CHAIN COORDINATION,2,465
QUANTUM PHARMACEUTICAL,2,465
EDWARDS LIFESCIENCES,2,465
DEPUY SYNTHES,2,465
NHS SUPPLY CHAIN PRODUCT SALE DO NOT USE,2,465
LLOYDS PHARMACY CLINICAL HOMECARE,2,465
MEDISPACE BV,2,465
HAMILTON MEDICAL UK,2,465
BRIAN JOHNSTON & CO INSURANCE BROKERS,2,465
TRIBE CULTURE CHANGE,2,465
HEALTHNET HOMECARE,2,465
HILLROM,2,465
SELMEC LINCOLN,2,465
GE HEALTHCARE,2,465
FALCO UK,2,465
SCCL NHS SUPPLY CHAIN MAINTENANCE,2,465
NEXT CONTROL SYSTEMS LTD TA TUTELA SYST,2,465
WHITAKER & LEACH,2,465
GATESHEAD HEALTH NHS FOUNDATION TRUST,2,465
CMI HEALTHCARE SERVICES,2,465
MEDICAL PIPED GASES,2,465
AQUILANT,2,465
WALTER WEST BUILDERS,2,465
LINCOLNSHIRE PARTNERSHIP NHS TRUST,2,465
GF TOMLINSON BUILDING,2,465
KIRK CONNECTED CONSTRUCTION,2,465
BARNES OF LINCOLN STORAGE,2,465
CYMBIO,2,465
ILLINGWORTH & GREGORY,2,465
INOVUS,2,465
LANTERN FIRE AND SECURITY,2,465
AA PROJECTS,2,465
FRESENIUS MEDICAL CARE UK,2,465
DB DENTAL EQUIPMENT,2,465
CARDIAC SERVICES UK,2,465
HERIDA HEALTHCARE,2,465
NHS ARDEN AND GEM CSU,2,465
VAPOTHERM UK,2,465
AIREDALE NHS FOUNDATION TRUST,2,465
BOWMER AND KIRKLAND,2,465
MED EL UK,2,465
YORKSHIRE CLINIC,2,465
WINDWARD LTD TA COTAPL,2,465
R G CARTER BUILDING,2,465
ESSENTIAL HEALTHCARE SOLUTIONS UK,2,465
PHILIPS ELECTRONICS UK,2,465
FUJIFILM HEALTHCARE UK,2,465
M & J GROUP CONSTRUCTION & ROOFING,2,465
HIVE PROJECTS,2,465
MANSER PRACTICE LTD THE,2,465
CLEANROOM PROJECTS,2,465
MB PIPE SERVICES,2,465
MRI DEVICES,2,465
HARROGATE & DISTRICT NHS FOUNDATION TRUST,2,465
MPD FM,2,465
MULTITONE ELECTRONICS,2,465
MAWDSLEY BROOKS & CO,2,465
EME POWER SYSTEMS,2,465
GE MEDICAL SYSTEMS,2,465
WOODS BUILDING SERVICES LTD TA AA WOODS,2,465
ENVAIR,2,465
LEEC,2,465
RIMMINGTONS PHARMACY,2,465
ALLOGA UK,2,465
ROWLANDS PHARMACY,2,465
KEN WILKINS PRINT,2,465
RESPIRONICS UK,2,465
INSPIRATION HEALTHCARE,2,465
BELMONT MEDICAL TECHNOLOGIES,2,465
UNITED OPEN MRI,2,465
HAAGSTREIT UK,2,465
ERBE MEDICAL UK,2,465
LEEDS TEACHING HOSPITALS NHS TRUST,2,465
THERAPY EQUIPMENT,2,465
POWER TECNIQUE,2,465
AAH PHARMACEUTICALS,2,465
MSOFT ESOLUTIONS,2,465
CARL ZEISS,2,465
MIDWEST ELECTRICAL SERVICES,2,465
STATIC SYSTEMS GROUP,2,465
BRADFORD TEACHING HOSPITALS NHS TRUST,2,465
LIFT CRAFT,2,465
EMAP PUBLISHING,2,465
VERNACARE,2,465
TRIPLE RED,2,465
BATH ASU,2,465
HORTON AUTOMATICS,2,465
STANLEY SECURITY SOLUTIONS,2,465
NETCALL TECHNOLOGY,2,465
BIO PRODUCTS LABORATORY,2,465
SISK HEALTHCARE UK LTD CARDIAC SERVICES,2,465
CORE CARE GLOBAL TA INNOVA CARE CONCEPT,2,465
NOVARTIS PHARMACEUTICALS,2,465
SUPPORT TEAM,2,465
VITA HEALTH WELLNESS,2,465
ABBOTT LABORATORIES,2,465
HENLEYS ASSOCIATES LTD TA HENLEY,2,465
JOHN BRADSHAW,2,465
E18 CONSULTING,2,465
BASSAIRE CLEANROOMS,2,465
DATA CENTRE UK,2,465
H M REVENUE AND CUSTOMS CIS,2,465
SERVICES DESIGN ASSOCIATES,2,465
B BRAUN STERILOG YORKSHIRE,2,465
BOC,2,465
MEDICAL GRAPHICS UK,2,465
HAEMONETICS,2,465
GUERBET LABORATORIES,2,465
LOEWENSTEIN MEDICAL UK,2,465
DE SMIT MEDICAL SYSTEMS,2,465
BAXTER HEALTHCARE,2,465
SIEMENS HEALTHCARE,2,465
PENPOLE CONSULTING,2,465
GILLING DOD ARCHITECTS,2,465
ESM POWER,2,465
VITAL POWER,2,465
CUBE ELECTRICAL SERVICES,2,465
GETINGE UK,2,465
NOTTINGHAM UNIVERSITY HOSPS NHS TRUST,2,465
OLYMPUS KEYMED,2,465
VYAIRE UK 236,2,465
ALTODIGITAL NETWORKS,2,465
DARWIN GROUP,2,465
PHOENIX HEALTHCARE DISTRIBUTION,2,465
SEQIRUS UK,2,465
SPACELABS HEALTHCARE,2,465
ROCHE PRODUCTS,2,465
SCCL NHS SUPPLY CHAIN PRODUCT SALES,2,465
XOGRAPH HEALTHCARE,2,465
MEDICAL IMAGING SYSTEMS,2,465
FRESENIUS MEDICAL CARE RENAL SERVICES,2,465
SCOTIA UK,2,465
NORTH WEST SECURITY SERVICES,2,465
H A C TECHNICAL GAS SERVICES,2,465
VERTEC SCIENTIFIC,2,465
VISION RT,2,465
INSOURCE SELECT LTD TS SOURCE GROUP,2,465
ALCON EYE CARE UK,2,465
ST HELENS & KNOWSLEY TEACHING HOSPITALS,2,465
CONTOUR HEATING PRODUCTS,2,465
NHS BLOOD AND TRANSPLANT,2,465
J KERR FLOORS,2,465
SECURE INSTALLATIONS UK,2,465
SCIENSUS PHARMA SERVICES,2,465
LEXICA HEALTH & LIFE SCIENCES CONSULTANCY,2,465
GETINGE,2,465
ORACLE VISION,2,465
LEGRAND ASSISTED LIVING & HEALTHCARE,2,465
PHILIPS HEALTHCARE,2,465
SYSMEX UK,2,465
ROBERTSON CONSTRUCTION YORKSHIRE EAST MIDLANDS,2,465
NEW VISION,2,465
NATIONAL GRID ELECTRICITY DISTRIBUTION,2,465
INST FOR ORGANISATIONAL DEVELOPMENT,2,465
INHEALTH,2,465
DKP CONSULTING,2,465
POSTERNGATE SURGERY,3,298
CONCEPT INFORMATION TECHNOLOGY,3,298
NHS NENE CCG,3,298
SILLS P R & PARTNER,3,298
NHS THURROCK CCG,3,298
NEWGATE MEDICAL GROUP,3,298
NHS DORSET CCG,3,298
DR PEARLMAN A D & PARTNERS,3,298
ADAM ROUILLY,3,298
NHS HARINGEY CCG,3,298
MIRFIELD HEALTH CENTRE,3,298
NHS EAST AND NORTH HERTFORDSHIRE CCG,3,298
NHS HEREFORDSHIRE AND WORCESTERSHIRE CCG,3,298
VONNE VOLUNTARY ORGANISATIONS NETWORK NORTH EAST,3,298
NHS HIGH WEALD LEWES HAVENS CCG,3,298
NHS KIRKLEES CCG,3,298
SHERWOOD FOREST HOSPITALS NHS FOUNDATION TRUST,3,298
NHS SWINDON CCG,3,298
LEWISHAM & GREENWICH NHS TRUST,3,298
BOSTON SCIENTIFIC,3,298
CAMBRIDGE UNIVERSITY HOSPITALS NHS FOUNDATION TRUST,3,298
MICHAEL PAGE INTERNATIONAL RECRUITMENT,3,298
KINGS COLLEGE HOSPITAL NHS FOUNDATION TRUST,3,298
DR S RADHAKRISHNAN,3,298
NHS IPSWICH AND EAST SUFFOLK CCG,3,298
NHS TEES VALLEY CCG,3,298
NHS DEVON CCG,3,298
RIVERSIDE SURGERY,3,298
TECHSMES,3,298
TEVA UK,3,298
NHS BLACKPOOL CCG,3,298
NHS NORTH NORFOLK CCG,3,298
NHS TRAFFORD CCG,3,298
CROYDON HEALTH SERVICES NHS TRUST,3,298
GREAT ORMOND STREET HOSPITAL FOR CHILDREN NHS FOUNDATION TRUST,3,298
NHS BEDFORDSHIRE CCG,3,298
NHS GREATER HUDDERSFIELD CCG,3,298
ELECTROCORE UK,3,298
WESTROP SURGERY,3,298
DR GREENWAY J & PARTNERS,3,298
NHS CHESHIRE CCG,3,298
DR G SINGH,3,298
NHS SUNDERLAND CCG,3,298
LONDON ROAD HEALTH CENTRE,3,298
MENDIP VALE MEDICAL PRACTICE,3,298
NHS LEEDS CCG,3,298
NHS CHORLEY AND SOUTH RIBBLE CCG,3,298
NHS NORTH HAMPSHIRE CCG,3,298
NHS LEICESTER CITY CCG,3,298
NHS KENT AND MEDWAY CCG,3,298
NHS SOUTH WEST LONDON CCG,3,298
SNAITH & RAWCLIFFE MEDICAL GROUP,3,298
DR HARKNESS & PARTNERS,3,298
NHS EAST SURREY CCG,3,298
NHS LINCOLNSHIRE CCG,3,298
STRAND MEDICAL CENTRE,3,298
NHS SOMERSET CCG,3,298
WEALDEN RIDGE MEDICAL PARTNERSHIP,3,298
RDP GROUP UK,3,298
HHR MEDICAL PRACTICE,3,298
NHS EAST LANCASHIRE CCG,3,298
DR DK OLIVER,3,298
CASTLE GARDENS MEDICAL CENTRE,3,298
ST JOHNS HOUSE SURGERY,3,298
ST GEORGES UNIVERSITY HOSPITALS NHS FOUNDATION TRUST,3,298
NHS MID ESSEX CCG,3,298
HAYS SPECIALIST RECRUITMENT,3,298
NHS SURREY DOWNS CCG,3,298
NHS WEST LEICESTERSHIRE CCG,3,298
NHS CASTLE POINT AND ROCHFORD CCG,3,298
NHS FAREHAM AND GOSPORT CCG,3,298
SAFFRON GROUP PRACTICE,3,298
ANDOVER MEDICAL CENTRE,3,298
QUIDEL IRELAND,3,298
MILLBARN MEDICAL CENTRE,3,298
KIER SERVICES,3,298
NHS BASILDON AND BRENTWOOD CCG,3,298
NORTHAMPTON GENERAL HOSPITAL NHS TRUST,3,298
WHITTINGTON HOSPITAL NHS TRUST THE,3,298
GURU NANAK MEDICAL CENTRE,3,298
NHS BERKSHIRE WEST CCG,3,298
MARCHAM ROAD HEALTH CENTRE,3,298
NHS REDBRIDGE CCG,3,298
DR GUNTAMUKKALA,3,298
HOPE HOUSE SURGERY,3,298
NHS SALFORD CCG,3,298
NHS NORFOLK & WAVENEY CCG,3,298
AWAY FROM MY DESK,3,298
NHS NORTHUMBERLAND CCG,3,298
HOPWOOD MEDICAL CENTRE,3,298
NHS BRIGHTON & HOVE CCG,3,298
SALFORD PRIMARY CARE TOGETHER,3,298
EAST CROYDON MEDICAL CENTRE,3,298
RUBICON HEALTH CONSULTING,3,298
DR GRANT & PARTNERS,3,298
NHS HEYWOOD MIDDLETON & ROCHDALE CCG,3,298
NHS HERTS VALLEYS CCG,3,298
DR C A JOHNSTON & PARTNERS,3,298
INTERQUEST GROUP UK,3,298
NHS COASTAL WEST SUSSEX CCG,3,298
ICNH LTD TA DRDOCTOR,3,298
NHS CALDERDALE CCG,3,298
DR GASPAR A S & PARTNERS,3,298
THREEWAYS SURGERY,3,298
NHS MORECAMBE BAY CCG,3,298
NHS NORTH EAST LINCOLNSHIRE CCG,3,298
NHS BURY CCG,3,298
NHS WEST SUSSEX CCG,3,298
NHS BROMLEY CCG,3,298
NORTH MIDDLESEX UNIVERSITY HOSPITAL NHS TRUST,3,298
GLASTONBURY SURGERY,3,298
NEWTON PLACE SURGERY,3,298
THREE VILLAGES MEDICAL PRACTICE,3,298
ASPIRO HEALTHCARE,3,298
WOOLFORD RANPURA AHYOW & MILTON,3,298
NHS EAST SUSSEX CCG,3,298
HILLINGDON HOSPITALS NHS FOUNDATION TRUST,3,298
HEARTFLOW,3,298
NHS BRADFORD DISTRICTS CCG,3,298
DR R WESTERMAN & PARTNERS,3,298
INNOVATE HEALTHCARE SERVICES,3,298
CHELSEA AND WESTMINSTER HOSPITAL NHS FOUNDATION TRUST,3,298
WHITE KNIGHT RECRUITMENT,3,298
DR DA JONES & PARTNERS,3,298
CLEO SYSTEMS 24,3,298
HUNGERFORD MEDICAL CENTRE,3,298
NHS SOUTH WARWICKSHIRE CCG,3,298
NHS BATH AND NORTH EAST SOMERSET SWINDON AND WILTSHIRE CCG,3,298
RIDINGS MEDICAL GROUP THE,3,298
SURGERY DEVELOPMENTS,3,298
NHS DARLINGTON CCG,3,298
DR S M KING & PARTNERS,3,298
NHS DERBY & DERBYSHIRE CCG,3,298
NHS OXFORDSHIRE CCG,3,298
THORPE BAY SURGERY AND SHAFTESBURY AVENUE SURGERY F81121,3,298
NATIONAL AIDS TRUSTS,3,298
NHS SOUTH TYNESIDE CCG,3,298
AQUILANT LTD TA AQUILANT MEDICAL,3,298
NHS EAST BERKSHIRE CCG,3,298
NHS BIRMINGHAM & SOLIHULL CCG,3,298
NHS COUNTY DURHAM CCG,3,298
DR M E RADCLIFFE & PARTNERS,3,298
UNITED LINCOLNSHIRE HOSPITALS NHS TRUST,3,298
MAYWINS,3,298
DR LEE AV & PARTNERS,3,298
NHS BLACK COUNTRY AND WEST BIRMINGHAM CCG,3,298
MYLAN UK HEALTHCARE,3,298
NHS DURHAM DALES EASINGTON AND SEDGEFIELD CCG,3,298
NHS BUCKINGHAMSHIRE CCG,3,298
NHS NORTHAMPTONSHIRE CCG,3,298
NHS HALTON CCG,3,298
NHS WALSALL CCG,3,298
CMK MEDICAL CENTRE,3,298
WHITSTABLE MEDICAL PRACTICE,3,298
NHS MEDWAY CCG,3,298
DR M WHITTON & PARTNERS,3,298
NHS GREAT YARMOUTH & WAVENEY CCG,3,298
POSITIVELY UK,3,298
KINGS COLLEGE HEALTH CENTRE,3,298
OXFORD TERRACE & RAWLING ROAD MEDICAL GROUP,3,298
NHS NORTH CUMBRIA CCG,3,298
NHS KERNOW CCG,3,298
NHS GREATER PRESTON CCG,3,298
LYNWOOD MEDICAL CENTRE,3,298
NORTH HYDE PRACTICE,3,298
NORGINE PHARMACEUTICALS,3,298
VIDA HEALTHCARE,3,298
ST LUKES PRIMARY CARE CENTRE,3,298
NHS FYLDE & WYRE CCG,3,298
DR KANNEGANTI & PTR,3,298
NHS SOUTH NORFOLK CCG,3,298
NHS NORTH KIRKLEES CCG,3,298
BEING WELL GROUP,3,298
INSOURCE SELECT,3,298
NHS KNOWSLEY CCG,3,298
NHS OLDHAM CCG,3,298
LANDSCAPE PRINTING SYSTEMS,3,298
GLEBE HOUSE SURGERY,3,298
NHS BEDFORDSHIRE LUTON & MILTON KEYNES CCG,3,298
KORN WALL LTD TA KWICKSCREEN,3,298
PI GROUP,3,298
ROYTON MEDICAL CENTRE,3,298
LONDON NORTH WEST HEALTHCARE NHS TRUST,3,298
DR A C BROOKS & PARTNERS,3,298
NHS SOUTHAMPTON CCG,3,298
NHS VALE OF YORK CCG,3,298
DARWEN HEALTHLINK PARTNERSHIP,3,298
MONTPELIER ESTATES,3,298
NHS STAFFORD AND SURROUNDS CCG,3,298
NHS TAMESIDE AND GLOSSOP CCG,3,298
DR F MCCLOGHRY & PARTNERS,3,298
NHS SOUTH EAST LONDON CCG,3,298
HELSTON MEDICAL CENTRE,3,298
NHS WIGAN BOROUGH CCG,3,298
PATEL P J & PARTNER,3,298
IVY COURT SURGERY,3,298
NHS ST HELENS CCG,3,298
NHS NORTH WEST LONDON CCG,3,298
AMDEL MEDICAL,3,298
BERRYFIELDS MEDICAL CENTRE,3,298
PHARMACY LONDON,3,298
CUMBRIA NORTHUMBERLAND TYNE AND WEAR NHS FOUNDATION TRUST,3,298
FELIXSTOWE ROAD MEDICAL PRACTICE,3,298
DR F KOHI & PARTNERS,3,298
NHS MILTON KEYNES CCG,3,298
NHS STOCKPORT CCG,3,298
KENT COUNTY COUNCIL EXCH SEC MAIDSTONE,3,298
MONTAGUE MEDICAL PRACTICE,3,298
LLOYDS PHARMACY,3,298
NHS NORTH CENTRAL LONDON CCG,3,298
NHS COVENTRY AND RUGBY CCG,3,298
NHS NORTH LINCOLNSHIRE CCG,3,298
NHS BARNSLEY CCG,3,298
CREFFIELD MEDICAL CENTRE,3,298
BILLINGSHURST SURGERY,3,298
DR S RYLEY & PARTNERS,3,298
NOTTINGHAM UNIVERSITY HOSPITALS NHS TRUST,3,298
NHS HORSHAM AND MID SUSSEX CCG,3,298
NHS SOUTHEND CCG,3,298
UNIVERSITY COLLEGE LONDON HOSPITALS NHS FOUNDATION TRUST,3,298
ROCHE DIAGNOSTICS,3,298
TERRENCE HIGGINS TRUST,3,298
KETTERING GENERAL HOSPITAL NHS FOUNDATION TRUST,3,298
NHS WILTSHIRE CCG,3,298
CHIDDENBROOK SURGERY CREDITON,3,298
NHS NORTH TYNESIDE CCG,3,298
IMPACT ADVISORY,3,298
RADIOMETER,3,298
NHS EAST LEICESTERSHIRE AND RUTLAND CCG,3,298
NORTH TEES & HARTLEPOOL NHS FOUNDATION TRUST,3,298
NHS FRIMLEY CCG,3,298
NHS NORTH EAST LONDON CCG,3,298
NHS GLOUCESTERSHIRE CCG,3,298
HEREFORD MEDICAL GROUP,3,298
NHS WIRRAL CCG,3,298
NHS NORTH EAST WEST DEVON CCG,3,298
COUNTY DURHAM & DARLINGTON NHS FOUNDATION TRUST,3,298
NHS WOLVERHAMPTON CCG,3,298
NHS NOTTINGHAM AND NOTTINGHAMSHIRE CCG,3,298
NHS MANCHESTER CCG,3,298
STRAND MEDICAL GROUP,3,298
NHS NORTH YORKSHIRE CCG,3,298
NHS WEST LANCASHIRE CCG,3,298
DR C NAGPAUL,3,298
NHS EAST RIDING OF YORKSHIRE CCG,3,298
NHS CAMBRIDGESHIRE AND PETERBOROUGH CCG,3,298
PRIORY MEDICAL GROUP,3,298
EPSOM & ST HELIER UNIVERSITY HOSPITALS NHS TRUST,3,298
NHS BOLTON CCG,3,298
VIRGIN CARE SERVICES LTD ST LUKES HEALTH CENTRE,3,298
CLAPHAM PARK GROUP PRACTICE,3,298
S12 SOLUTIONS,3,298
LAUNCESTON MEDICAL CENTRE,3,298
NHS HAMPSHIRE SOUTHAMPTON AND ISLE OF WIGHT CCG,3,298
NHS WARWICKSHIRE NORTH CCG,3,298
NHS WEST SUFFOLK CCG,3,298
TAWSTOCK MEDICAL CENTRE,3,298
NHS DUDLEY CCG,3,298
GREENSIDE MEDICAL PRACTICE,3,298
GLOUCESTER ROAD MEDICAL CENTRE,3,298
NETHERGREEN SURGERY,3,298
LEEDS STUDENT MEDICAL PRACTICE,3,298
NHS CITY AND HACKNEY CCG,3,298
DR W J EDWARDS & PARTNERS,3,298
NHS HARTLEPOOL AND STOCKTONONTEES CCG,3,298
NHS HULL CCG,3,298
NHS SHROPSHIRE TELFORD AND WREKIN CCG,3,298
CORBRIDGE HEALTH CENTRE,3,298
DR T P S BLOCH & PARTNERS,3,298
NHS DONCASTER CCG,3,298
DR KHALIQ & PTRS,3,298
UNIVERSITY HOSPITALS OF DERBY & BURTON NHS FOUNDATION TRUST,3,298
DR R M GANT & PTNRS,3,298
WESTBOURNE MEDICAL CENTRE BOURNEMOUTH,3,298
NHS LINCOLNSHIRE EAST CCG,3,298
UNIVERSITY HOSPITALS OF LEICESTER NHS TRUST,3,298
NHS WEST NORFOLK CCG,3,298
NHS CENTRAL LONDON WESTMINSTER CCG,3,298
NHS WEST HAMPSHIRE CCG,3,298
NHS SURREY HEARTLANDS CCG,3,298
WORKSPACE SCOTLAND,3,298
NHS BRADFORD CITY CCG,3,298
NHS WAKEFIELD CCG,3,298
STREET LANE PRACTICE,3,298
NHS NORTH DURHAM CCG,3,298
WOOLPIT HEALTH CENTRE,3,298
NHS NORWICH CCG,3,298
WINGATE MC N83009,3,298
BARKING HAVERING AND REDBRIDGE HOSPITALS NHS TRUST,3,298
NHS WEST ESSEX CCG,3,298
PATIENTS KNOW BEST,3,298
DR RG TURNER&PARTNERS,3,298
NHS NORTH EAST ESSEX CCG,3,298
NHS NEWCASTLE GATESHEAD CCG,3,298
NHS BASSETLAW CCG,3,298
BHARATI C CHAPARALA,3,298
BARTS HEALTH NHS TRUST,3,298
BRADGATE SURGERY,3,298
WHARTON HEALTH CENTRE,4,298
CENTRAL SURREY HEALTH,4,298
NHS LINCOLNSHIRE ICB,4,298
DR D PRIMORAC,4,298
DR C G FARRANT & PTNRS,4,298
SOUTH MILFORD SURGERY,4,298
MACLEODS PHARMA UK,4,298
KNIGHTS SURGERY,4,298
TRANSFORM UK,4,298
NHS NORTHAMPTONSHIRE ICB,4,298
PARK SURGERY DRIFFIELD,4,298
DR GAVRILOVIC & PTRS,4,298
DR F LASMAN & PARTNERS,4,298
WEM & PREES MEDICAL PRACTICE,4,298
DR TAYLOR & PARTNERS,4,298
3W HEALTH K82070,4,298
STONECOT SURGERY,4,298
HULL CITY COUNCIL,4,298
DR HABER & PARTNERS,4,298
STONE TECHNOLOGIES,4,298
BOGNOR MEDICAL PRACTICE,4,298
AMVALE MEDICAL TRANSPORT,4,298
NHS SOUTH EAST LONDON ICB,4,298
NHS CAMBRIDGESHIRE AND PETERBOROUGHICB,4,298
DR SYKES & PARTNERS,4,298
ONEOFF SUPPLIER,4,298
LUCKRAFT & PARTNERS,4,298
DR J D HODGSON & PARTNERS,4,298
OUNDLE MEDICAL CENTRE,4,298
THINK ASSOCIATES,4,298
MALVERN HOMES HARTSHILL,4,298
WRIGHT COTTRELL,4,298
RIVER BROOK MEDICAL CENTRE,4,298
DERWENT VALLEY MEDICAL PRATICE,4,298
WHITBY HEALTH PARTNERSHIP N81093,4,298
KNOWLEDGE ACADEMY LTD THE,4,298
GOWER STREET PRACTICE,4,298
MIRIAM PRIMARY CARE,4,298
ANCORA MEDICAL PRACTICE,4,298
NORTH LEEDS MEDICAL PRACTICE,4,298
SCOTT PRACTICE,4,298
BEECH TREE SURGERY,4,298
LAKHANI JORDAN BHATIA & PARTNERS,4,298
SHERBURN GROUP PRACTICE,4,298
SAINT VINCENT MEDICAL CENTRE,4,298
COKER CLOSE HEALTH CENTRE,4,298
PURE AUDIO VISUAL,4,298
UNIVERSITY OF NORTHUMBRIA AT NEWCASTLE,4,298
SUNDERLAND CITY COUNCIL,4,298
LAUREL BANK SURGERY,4,298
BALANCE STREET PRACTICE,4,298
UNIVERSITY HOSPITALS SUSSEX NHS FOUNDATION TRUST,4,298
HUMAN SYNERGISTICS UK,4,298
BROOMWOOD ROAD SURGERY G84019,4,298
SOUTH TYNESIDE COUNCIL,4,298
TILLOMED LABORATORIES,4,298
SWINDON BOROUGH COUNCIL,4,298
SILVERDALE & RYECROFT PRACTICE,4,298
SOUTH PARK SURGERY MACCLESFIELD N81029,4,298
SOLUTION JUNKIES,4,298
RASHEED R,4,298
EAST HILL SURGERY,4,298
PHOENIX SURGERY L84012,4,298
PETERSGATE MEDICAL CENTRE,4,298
DRS CHAWLA V & CHAWLA SK,4,298
DOVERCOURT SURGERY,4,298
YAXLEY GROUP PRACTICE D81031,4,298
DYNELEY HOUSE SURGERY,4,298
PARKWOOD FAMILY PRACTICE,4,298
VILLAGE HEALTH GROUP,4,298
EAST NORWICH MEDICAL PARTNERSHIP,4,298
NHS BEDFORDSHIRE LUTON AND MILTON KEYNES ICB,4,298
NHS LANCASHIRE AND SOUTH CUMBRIA ICB,4,298
MACRAE & MACRAE,4,298
NHS SOMERSET ICB,4,298
PARSONAGE SURGERY,4,298
HARROW GREEN,4,298
MAIDSTONE BOROUGH COUNCIL,4,298
LONDON BOROUGH OF NEWHAM,4,298
DR B BROWNING & PARTNERS,4,298
ID CROWD,4,298
NOMENSA,4,298
NHS SOUTH WEST LONDON ICB,4,298
NHS SUFFOLK AND NORTH EAST ESSEX ICB,4,298
FARMER & PARTNERS,4,298
DORSET HEALTHCARE UNIVERSITY NHS FOUNDATION TRUST,4,298
DR WEBSTER & PARTNERS,4,298
DR B KIRKUP & PARTNERS,4,298
DR AK SANDHU,4,298
GAYNOR & PARTNERS,4,298
HARRIS & PARTNERS,4,298
NHS CORNWALL AND THE ISLES OF SCILLY ICB,4,298
WORDEN TW,4,298
CINOS,4,298
SOMERSET GARDENS HEALTH CENTRE,4,298
DR RIGG & PARTNERS,4,298
NORTH EAST AMBULANCE SERVICE NHS FOUNDATION TRUST,4,298
OXFORD HEALTH NHS FOUNDATION TRUST,4,298
NHS NORFOLK AND WAVENEYICB,4,298
OAK GABLES MEDICAL PRACTICE P85017,4,298
OPEN DOOR,4,298
BARNSLEY HEALTHCARE FEDERATION,4,298
SUNDERLAND GP ALLIANCE,4,298
NHS NORTH WEST LONDON ICB,4,298
JAMES STREET GROUP PRACTICE,4,298
SHIFNAL AEQUITAS,4,298
WORKSCAPE,4,298
HARTLEPOOL BOROUGH COUNCIL,4,298
JAMISON & PARTNERS,4,298
DR FH WATERS & PARTNERS,4,298
SOLENT NHS TRUST,4,298
BRACKNELL FOREST COUNCIL,4,298
DR M DAVEY & PARTNERS,4,298
BERKSHIRE HEALTHCARE NHS FOUNDATION TRUST,4,298
PUCKERIDGE & STANDON SURGERY,4,298
THE REDDISH FAMILY PRACTICE P88005,4,298
STANTON SURGERY,4,298
LETS FOR LIFE,4,298
NHS STAFFORDSHIRE AND STOKE ON TRENT ICB,4,298
DR BROWNE & PARTNERS MANCHESTER,4,298
NHS BRISTOL NORTH SOMERSET AND SOUTH GLOUCESTERSHIRE ICB,4,298
ORCHARD HOUSE SURGERY NEWMARKET,4,298
GROVE MEDICAL PRACTICE D81030,4,298
LINDLEY VILLAGE SURGERY,4,298
KING EDWARD ROAD SURGERY,4,298
CHOICE SUPPORT,4,298
LONDON AMBULANCE SERVICE NHS TRUST,4,298
STOCKPORT MEDICAL GROUP P88632,4,298
COGNIZANT WORLDWIDE,4,298
NHS GREATER MANCHESTER ICB,4,298
HARLEQUIN SURGERY,4,298
HCRG CARE SERVICES,4,298
ROSEBANK HEALTH,4,298
ROYAL DEVON UNIVERSITY HEALTHCARE NHS FOUNDATION TRUST,4,298
ALL SAINTS MEDICAL CENTRE,4,298
AVENUES MEDICAL CENTRE,4,298
NHS SUSSEX ICB,4,298
BRAMBLYS GRANGE MEDICAL PRACTICE,4,298
HERNE HILL GROUP PRACTICE,4,298
NHS FRIMLEY ICB,4,298
DR H F SIMONTON & PARTNERS,4,298
NHS CHESHIRE AND MERSEYSIDE ICB,4,298
NHS HEREFORDSHIRE AND WORCESTERSHIRE ICB,4,298
CAMBRIDGE AVENUE MEDICAL CENTRE,4,298
GATESHEAD COUNCIL,4,298
DELTASCHEME,4,298
THORPE ROAD SURGERY,4,298
LUCIE WEDGWOOD SURGERY,4,298
DRS VENKATRAMAN & SINGH,4,298
UNITED HEALTHCARE DEVELOPMENTS,4,298
PFIZER,4,298
NEWPORT HEALTH CENTRE,4,298
DRAYTON MEDICAL PRACTICE,4,298
INTERNATIONAL HEALTHCARE RECRUITMENT,4,298
PEOPLE ASSET MANAGEMENT LTD TA PAM OH SOLUTIONS,4,298
DR WOODHOUSE & PARTNERS,4,298
PARK ROAD HEALTH CENTRE,4,298
CUMBRIA COMMUNITY FOUNDATION,4,298
THE VALE SURGERY G85096,4,298
NHS GLOUCESTERSHIRE ICB,4,298
WIGTON GROUP MEDICAL PRACTICE,4,298
SEEABILITY,4,298
BROSELEY MEDICAL PRACTICE,4,298
ROTHSCHILD HOUSE SURGERY,4,298
TRESIDDER N J & PARTNERS,4,298
BENNETTS END SURGERY,4,298
GOLDEN LANE HOUSING,4,298
KRISHNAN A C & PARTNERS,4,298
TAME VALLEY MEDICAL CENTRE WEDNESBURY,4,298
HAXBY GROUP PRACTICE,4,298
LAWSON PRACTICE,4,298
INFORMED SOLUTIONS,4,298
NHS DEVON ICB,4,298
DR BISHOP F M & PARTNERS,4,298
NHS BIRMINGHAM AND SOLIHULL ICB,4,298
DR S RAVULA,4,298
NHS NORTH EAST AND NORTH CUMBRIA ICB,4,298
GROVE MEDICAL CENTRE THE,4,298
DR M D BROOKE & PARTNERS,4,298
DR F S ALLEN & PARTNERS,4,298
CHRISP STREET HEALTH CENTRE,4,298
LUPIN HEALTHCARE UK,4,298
NHS DERBY AND DERBYSHIRE ICB,4,298
BOLTON COMMUNITY PRACTICE Y03079,4,298
PROBRAND,4,298
STANMORE MEDICAL GROUP,4,298
LONG STRATTON MEDICAL PARTNERSHIP,4,298
LINCOLNSHIRE COUNTY COUNCIL,4,298
MADE TECH,4,298
MOUNTWOOD SURGERY,4,298
DAVID MEDICAL CENTRE P84066,4,298
CARDINAL MEDICAL PRACTICE D83050,4,298
NHS KENT AND MEDWAY ICB,4,298
SHIONOGI BV,4,298
TENBURY SURGERY,4,298
PONTELAND MEDICAL GROUP,4,298
INSOURCE,4,298
CASTLE MEDICAL GROUP,4,298
SWEENEY G A & PARTNERS,4,298
DUKINFIELD MEDICAL PRACTICE,4,298
DRIVE SURGERY,4,298
NHS SHROPSHIRE TELFORD AND WREKIN ICB,4,298
NHS LEICESTER LEICESTERSHIRE AND RUTLAND ICB,4,298
ASHWORTH STREET SURGERY,4,298
AUDLEM MEDICAL PRACTICE,4,298
BRADFORD TEACHING HOSPITALS NHS FOUNDATION TRUST,4,298
SPA MEDICAL PRACTICE,4,298
DR R GRIFFITHS,4,298
NHS BUCKINGHAMSHIRE OXFORDSHIRE AND BERKSHIRE WEST ICB,4,298
MAYBUSH MEDICAL CENTRE,4,298
STUBLEY MEDICAL CENTRE,4,298
MICKLEOVER SURGERY,4,298
OLD SCHOOL MEDICAL PRACTICE,4,298
NHS HUMBER AND NORTH YORKSHIRE ICB,4,298
SOUTH STREET SURGERY,4,298
DR NICHOLAS FOSTER & PARTNERS ORCHARD SURGERY,4,298
NHS GREATER GLASGOW AND CLYDE,4,298
AVANADE UK,4,298
BUCKINGHAMSHIRE HEALTHCARE NHS TRUST,4,298
NHS DORSET ICB,4,298
WEST MIDLANDS AMBULANCE SERVICE NHS FOUNDATION TRUST,4,298
INTRAHEALTH,4,298
HEYWOOD HEALTH,4,298
GNOSALL SURGERY,4,298
DR PROWSE G D W & PTNRS,4,298
ROTHERHAM METROPOLITAN BOROUGH COUNCIL,4,298
BROMLEY GP ALLIANCE,4,298
LYNDHURST MEDICAL CENTRE,4,298
HULL UNIVERSITY TEACHING HOSPITAL NHS TRUST,4,298
NHS HAMPSHIRE AND ISLE OF WIGHT ICB,4,298
LONDON ROAD SURGERY,4,298
BETHESDA MEDICAL CENTRE,4,298
DR ASG USHER & PARTNERS,4,298
LAURBEL SURGERY,4,298
WELBECK ROAD HEALTH CENTRE,4,298
NHS BLACK COUNTRY ICB,4,298
LAKESIDE HEALTHCARE,4,298
NHS MID AND SOUTH ESSEX ICB,4,298
UK HEALTH SECURITY AGENCY,4,298
NORTH TYNESIDE COUNCIL,4,298
NHS SOUTH YORKSHIRE ICB,4,298
NHS NORTH EAST LONDON ICB,4,298
CLEE MEDICAL CENTRE,4,298
ORIENT ROAD MEDICAL PRACTICE P87032,4,298
VALLEYS MEDICAL PARTNERSHIP,4,298
WEEPING CROSS SURGERY,4,298
SOUTH WESTERN AMBULANCE SERVICE NHS FOUNDATION TRUST,4,298
ADAM PRACTICE,4,298
CARIBBEAN & AFRICAN HEALTH NETWORK,4,298
HEALTH AND SOCIAL CARE INFORMATION CENTRE,4,298
ST MARYS SURGERY ELY,4,298
NTAF,4,298
DR M MILLER & PARTNERS,4,298
RISUAL,4,298
THORNBROOK SURGERY,4,298
ARTHUR MEDICAL CENTRE,4,298
STOWHEALTH VIOLET HILL,4,298
WILKINSON GRAHAM FINCH & PALEKANDA,4,298
SOUTHBOURNE SURGERY BOURNEMOUTH,4,298
PARKSTONE HEALTH CENTRE,4,298
VILLAGE MEDICAL CENTRE WALLASEY,4,298
NHS SURREY HEARTLANDS ICB,4,298
SALISBURY MEDICAL PRACTICE,4,298
NHS COVENTRY AND WARWICKSHIRE ICB,4,298
OAK LODGE MEDICAL CENTRE,4,298
EAST NORFOLK MEDICAL PRACTICE D82007,4,298
RIVERSIDE MEDICAL CENTRE CASTLEFORD,4,298
NHS WEST YORKSHIRE ICB,4,298
ILFORD MEDICAL CENTRE,4,298
NHS NORTH CENTRAL LONDON ICB,4,298
DR LJ BROUGHTON & PARTNERS,4,298
DR N PATEL & PARTNERS ROTHERHAM,4,298
THE ROSEWOOD MEDICAL CENTRE F82022,4,298
NORTHERN HOUSING CONSORTIUM,4,298
CARTMEL SURGERY,4,298
AMAROX,4,298
NHS HERTFORDSHIRE AND WEST ESSEX ICB,4,298
EAST BERKSHIRE PRIMARY CAREOOHS,4,298
DR REES T W & PARTNERS,4,298
BOOTH & PARTNERS,4,298
ZELFI,4,298
LISTER HOUSE SURGERY,4,298
SULLIVAN WAY SURGERY P92011,4,298
AMBICORP,4,298
PENRYHN SURGERY,4,298
DR R HALL & PARTNERS,4,298
KEY MEDICAL PRACTICE,4,298
CAMBERWELL GREEN SURGERY,4,298
NHS NOTTINGHAM AND NOTTINGHAMSHIRE ICB,4,298
STIRCHLEY MEDICAL PRACTICE,4,298
MACLEOD CURRY & WARD,4,298
FOREST HALL HEALTH CENTRE,4,298
TRENT VIEW MEDICAL PRACTICE,4,298
BALSALL COMMON AND MERIDEN GROUP M89016,4,298
NHS BATH AND NORTH EAST SOMERSET SWINDON AND WILTSHIRE ICB,4,298
DR R J WALKER & PARTNER,4,298
MORTIMER SURGERY,4,298
CARE HOUSING ASSOCIATION,4,298
VISION CLINIC,5,136
SH OPTICIANS,5,136
VANGARDE SPECSAVERS,5,136
BRACKNELL VISIONPLUS,5,136
MISS D KOTHARY,5,136
BOOTS CO,5,136
SPECSAVERS OPTICIANS,5,136
OPTIVU EYECARE,5,136
CARING PRACTICE EAST MIDLANDS,5,136
WHITE OPTICIANS,5,136
LONG EATON EYECARE,5,136
VISION CARE AT HOME NORTH WEST,5,136
DE SILVO,5,136
HERTFORDSHIRE DOMICILIARY SPECSAVERS,5,136
KETTERING TOWN VE,5,136
HAJI M H,5,136
SURREY 2 DOMICILIARY SPECSAVERS,5,136
CARING PRACTICE SOUTH WEST LTD TA VISIONCALL,5,136
HEATON PARK SPECSAVERS,5,136
LONDON 8 DOMICILIARY SPECSAVERS,5,136
ALEXANDRA OPTICIANS,5,136
OPTICAL WORLD,5,136
HARBORNE VE LTD TA VISION EXPRESS,5,136
JPD OPTICS T A JAMES DALY,5,136
OUTSIDE CLINIC,5,136
SPECSAVERS WYTHENSHAWE,5,136
EYE MANIA,5,136
EYE OPTICIANS,5,136
SILSDENT OPTICS TA SILSDEN OPTICIANS,5,136
BARKING SPECSAVERS,5,136
CRIBBS CAUSEWAY SPECSAVERS,5,136
HEALTH INTELLIGENCE,5,136
BOOTS OPTICIANS PROFESSIONAL SERVICES,5,136
SUPER OPTICAL,5,136
VISION SERVE,5,136
CARING PRACTICE HAMPSHIRE,5,136
WEDNESFIELD SPECSAVERS,5,136
OPTICAL WORLD SOUTHALL,5,136
MARTLETS VISIONPLUS,5,136
JSR OPTICIANS,5,136
CROWN POINT LEEDS SPECSAVERS,5,136
RUGBY VISION PLUS,5,136
EYE CLINIC UK,5,136
BOOTS OPTICIANS,5,136
DI BLOW OPTICIANS,5,136
OPTICA CLINIC,5,136
DERBY 1 DOMICILIARY SPECSAVERS LTD TA SPECSAVERS HEALTHCALL,5,136
CLARITY OPTIKAL LTD TA CLARITY OPTICAL PRESTON,5,136
CHAPMAN OPTICIANS,5,136
ULTIMATE SPEX LTD VOUCHERS ONLY,5,136
MILTON KEYNES VISIONPLUS,5,136
CALCOT SPECSAVERS,5,136
BOLTON EYE CLINIC,5,136
NEWCASTLE 2 DOMICILIARY SPECSAVERS,5,136
SAME DAY GLASSES LTD TA SPECIALEYES EYECARE OPTICIANS,5,136
MIDDLEBROOK SPECSAVERS,5,136
COMPLETE PRICE EYEWEAR,5,136
ONSIGHT DOMICILIARY SERVICES,5,136
RNS OPTICAL,5,136
INHEALTH INTELLIGENCE,5,136
PORTLAND EYECARE SERVICES,5,136
ADAMARIS,5,136
ASDA PHARMACY,5,136
WATNEY EYECARE,5,136
COMPLETE IWEAR,5,136
SPECIALEYES EYECARE,5,136
BRADFORD 2 DOMICILIARY SPECSAVERS,5,136
STRATFORD VISIONPLUS,5,136
HOME SIGHT UK,5,136
VISIONARY EYECARE UK,5,136
WHITECHAPEL SPECSAVERS,5,136
BEDWORTH VISION PLUS LTD 0340,5,136
BOURNEMOUTH 2 DOMICILIARY SPECSAVERS,5,136
ULTIMATE SPEX LTD SIGHT TESTS ONLY,5,136
BECKTON SPECSAVERS LTD TA SPECSAVERS OPTICIANS,5,136
CARING PRACTICE NORTH WEST LTD TA VISIONCALL,5,136
VISION EXPRESS,5,136
BIRMINGHAM 2 DOMICILIARY SPECSAVERS,5,136
KINGSTON VE,5,136
VISIONCARE AT HOME NORTH WEST,5,136
SPECSAVERS FALLOWFIELD,5,136
NORWICH 1 DOMICILIARY SPECSAVERS,5,136
W BRINDLE,5,136
BRAINTREE SPECSAVERS,5,136
SPECSTORES OPTICIANS,5,136
HALI OPTICAL LTD TA SPECIALEYES EYECARE OPTICIANS,5,136
PURE VISION EYECARE LTD TA EYE CARE OPTICAL,5,136
LUTON V E,5,136
S N I OPTOMETRIC SERVICES,5,136
C I BAROT,5,136
BOURNEMOUTH 1 DOMICILIARY SPECSAVERS,5,136
SQUARE EYECARE,5,136
LONGWATER SPECSAVERS,5,136
RIGHT SPEX OPTICIANS,5,136
KILBURN VISION PLUS,5,136
NEWPORT SHROPSHIRE SPECSAVERS,5,136
LAKESIDE SPECSAVERS,5,136
BOLTON VISIONPLUS,5,136
NOTTINGHAMSHIRE 2 DOMICILIARY SPECSAVERS,5,136
EYES AT HOME,5,136
BRISTOL 1 DOMICILIARY SPECSAVERS,5,136
LEICESTERSHIRE 1 DOMICILIARY SPECSAVERS,5,136
AHSAN OPTICAL,5,136
WAITE P E 1020,5,136
SPECSAVERS STRETFORD,5,136
DAVID STANLEY OPTICALS,5,136
OPTICAL INSIGHT,5,136
YORK 1 DOMICILIARY SPECSAVERS,5,136
OPTICARE EYE CARE SPECIALIST,5,136
NUNEATON VISION PLUS LTD 0345,5,136
MULBERRY AND BROOME EYECARE,5,136
VISIONCARE AT HOME NORTHWEST,5,136
JACOB & JOE,5,136
EYE CONCERN,5,136
CAMBRIDGE 1 DOMICILIARY SPECSAVERS,5,136
LINCOLNSHIRE 2 DOMICILIARY SPECSAVERS,5,136
EYES FIRST UK,5,136
OPTICA EYE CLINIC,5,136
HARLOW VISION EXPRESS,5,136
SPECSAVERS ILKESTON,5,136
COMPLETE COMMUNITY CARE NW,5,136
BURY VE,5,136
HOXTON EYE CENTRE,5,136
CLYWD & SNOWDONIA DOMICILIARY SPECSAVERS,5,136
BLINK UK EYECARE,5,136
SHEFFIELD 2 DOMICILIARY SPECSAVERS,5,136
IRIS DOMICILLIARY SERVICES,5,136
MANCHESTER 2 DOMICILIARY SPECSAVERS,5,136
ONE VISION GROUP LTD TA PREMIER VISION,5,136
VISION EXPRESS UK,5,136
SCHERS SPECTACLE SHOP,5,136
EYE CLINIC OPTICIANS THE,5,136
H S MUKER,5,136
J KAY,5,136
MCCORMACK OPTICIANS,5,136
EYECARE ONCALL,5,136
LEEDS COMMUNITY HEALTHCARE NHS TRUST,6,82
UNIVERSITY HOSPITALS BRISTOL NHS FOUNDATION TRUST,6,82
ONLY ORTHODONTICS,6,82
FRIMLEY HEALTH NHS FOUNDATION TRUST,6,82
HERTFORDSHIRE COMMUNITY NHS TRUST,6,82
BRIDGEWATER COMMUNITY HEALTHCARE NHS FOUNDATION TRUST,6,82
HERTS URGENT DENTAL CARE,6,82
KINGSTON HOSPITAL NHS FOUNDATION TRUST,6,82
QUEENSWAY DENTAL PRACTICE,6,82
JAMES PAGET UNIVERSITY HOSPITALS NHS FOUNDATION TRUST,6,82
DERBYSHIRE COMMUNITY HEALTH SERVICES NHS FOUNDATION TRUST,6,82
YORKSHIRE AMBULANCE SERVICE NHS TRUST,6,82
AINTREE UNIVERSITY HOSPITALS NHS FOUNDATION TRUST,6,82
PRACTICE IN THE PARK,6,82
ROYAL BOROUGH OF GREENWICH,6,82
COVENTRY AND WARWICKSHIRE PARTNERSHIP NHS TRUST,6,82
HEREFORDSHIRE & WORCESTERSHIRE HEALTH & CARE NHS TRUST,6,82
GREATER MANCHESTER URGENT PRIMARY CARE ALLIANCE CIC,6,82
SHROPSHIRE COMMUNITY HEALTH NHS TRUST,6,82
BRADFORD DISTRICT CARE NHS FOUNDATION TRUST,6,82
VANTAGE DIAGNOSTICS,6,82
LOCAL CARE DIRECT,6,82
CUMBRIA PARTNERSHIP NHS FOUNDATION TRUST,6,82
SALFORD ROYAL NHS FOUNDATION TRUST,6,82
GLOUCESTERSHIRE HEALTH AND CARE NHS FOUNDATION TRUST,6,82
DR G KALSI,6,82
ORAL SURGERY,6,82
FDS CONSULTANTS,6,82
GREAT WESTERN HOSPITALS NHS FOUNDATION TRUST,6,82
FCMSNW,6,82
NORTHAMPTONSHIRE COUNTY COUNCIL,6,82
WYE VALLEY NHS TRUST,6,82
MIDDLESBROUGH COUNCIL,6,82
DR M VASANT,6,82
NOTTINGHAMSHIRE HEALTHCARE NHS FOUNDATION TRUST,6,82
GLOUCESTERSHIRE CARE SERVICES NHS TRUST,6,82
ROYAL TERRACE DENTAL PRACTICE,6,82
REDCAR & CLEVELAND BOROUGH COUNCIL,6,82
CAMBRIDGESHIRE COMMUNITY SERVICES,6,82
MASTERCALL HEALTHCARE,6,82
RAMSAY HEALTH CARE UK OPERATIONS,6,82
WIGHT DENTAL CARE,6,82
DENTAL CONCEPTS,6,82
OASIS DENTAL CARE,6,82
ROYAL BOLTON HOSPITAL NHS FOUNDATION TRUST,6,82
NIGHT DENTAL,6,82
WEST SUFFOLK NHS FOUNDATION TRUST,6,82
MIDLANDS PARTNERSHIP NHS FOUNDATION TRUST,6,82
GEORGE ELIOT HOSPITAL NHS TRUST,6,82
ACCESS DENTAL,6,82
EAST SUSSEX HEALTHCARE NHS TRUST,6,82
CENTRAL & NORTH WEST LONDON NHS FOUNDATION TRUST,6,82
COMMUNITY DENTAL SERVICES CIC,6,82
DERBYSHIRE COUNTY COUNCIL,6,82
PENNINE CARE NHS FOUNDATION TRUST,6,82
NORFOLK COMMUNITY HEALTH AND CARE NHS TRUST,6,82
WORCESTERSHIRE HEALTH & CARE NHS TRUST,6,82
ROYAL WOLVERHAMPTON HOSPITALS NHS TRUST THE,6,82
KENT COMMUNITY HEALTH NHS FOUNDATION TRUST,6,82
NORTH NORTHAMPTONSHIRE COUNCIL,6,82
NHS LUTON CCG,6,82
NOTTINGHAM EMERGENCY DENTAL SERVICES,6,82
BIRMINGHAM COMMUNITY HEALTHCARE NHS FOUNDATION TRUST,6,82
BIRMINGHAM LDC,6,82
NAHAL SADRY,6,82
KRZYSZTOF KOZLICKI,6,82
LEICESTER CITY COUNCIL,6,82
LANCASHIRE CARE NHS FOUNDATION TRUST,6,82
MANCHESTER UNIVERSITY NHS FOUNDATION TRUST,6,82
SALFORD ROYAL HOSPITALS NHS FOUNDATION TRUST,6,82
WIRRAL COMMUNITY NHS FT,6,82
CARERS RESOURCE,6,82
HARROGATE & DISTRICT NHS FOUNDATION NHS TRUST,6,82
WIRRAL BOROUGH COUNCIL,6,82
ROTHERHAM NHS FOUNDATION TRUST,6,82
UNIVERSITY HOSPITALS BIRMINGHAM NHS FOUNDATION TRUST,6,82
NOTTINGHAMSHIRE COUNTY COUNCIL,6,82
NORTHAMPTONSHIRE HEALTHCARE NHS FOUNDATION TRUST,6,82
GILMORE ASSOCIATES LTD TA BIRCH IMPROVEMENT,6,82
LANCASTER HOUSE DENTAL PRACTICE,6,82
NORTH CUMBRIA INTEGRATED CARE NHS FOUNDATION TRUST,6,82
DURHAM COUNTY COUNCIL,6,82
LONDON BOROUGH OF LEWISHAM,7,66
CLAIRE HOUSE CHILDRENS HOSPICE,7,66
FRANCIS HOUSE,7,66
LONDON BOROUGH OF SUTTON,7,66
ST ANDREWS HOSPICE,7,66
SHOOTING STAR CHASE,7,66
LEICESTERSHIRE COUNTY COUNCIL,7,66
DEMELZA HOSPICE CARE FOR CHILDREN,7,66
HELEN & DOUGLAS HOUSE,7,66
ALEXANDER DEVINE CHILDRENS HOSPICE SERVICE,7,66
CHILDRENS TRUST THE,7,66
JULIAS HOUSE,7,66
DORSET COUNTY COUNCIL,7,66
KEECH HOSPICE CARE,7,66
DOUGLAS MACMILLAN HOSPICE,7,66
HAVENS CHRISTIAN HOSPICE,7,66
ACORNS CHILDRENS HOSPICE TRUST,7,66
ST OSWALDS HOSPICE,7,66
LANCASHIRE COUNTY COUNCIL,7,66
LUTON BOROUGH COUNCIL,7,66
RICHARD HOUSE TRUST,7,66
BRITISH THORACIC SOCIETY,7,66
CHILDRENS HOSPICE SOUTH WEST,7,66
HF TRUST,7,66
WORCESTERSHIRE COUNTY COUNCIL,7,66
EAST ANGLIAS CHILDRENS HOSPICES,7,66
PEOPLE FIRST MERSEYSIDE CO,7,66
SOUTH GLOUCESTERSHIRE COUNCIL,7,66
ZOES PLACE BABY HOSPICE,7,66
DERIAN HOUSE CHILDRENS HOSPICE,7,66
HAVEN HOUSE FOUNDATION,7,66
HAVENS HOSPICES,7,66
RENNIE GROVE HOSPICE CARE,7,66
MANCHESTER CITY COUNCIL,7,66
BLUEBELL WOOD CHILDRENS HOSPICE,7,66
LONDON BOROUGH OF BEXLEY,7,66
TRINITY HOSPICE & PALLIATIVE CARE SERVICES,7,66
WOLVERHAMPTON CITY COUNCIL,7,66
EDEN VALLEY HOSPICE,7,66
BRISTOL CITY COUNCIL,7,66
JAMES HOPKINS TRUST,7,66
RUTLAND COUNTY COUNCIL,7,66
ELLENOR,7,66
CITY OF WESTMINSTER,7,66
DARLINGTON BOROUGH COUNCIL,7,66
LONDON BOROUGH OF HACKNEY,7,66
RAINBOWS CHILDRENS HOSPICE,7,66
BURDETT TRUST FOR NURSING,7,66
ST BARNABAS HOSPICE,7,66
NOAHS ARK CHILDRENS HOSPICE,7,66
ZOES PLACE TRUST,7,66
FRIENDS OF THE ELDERLY,7,66
FORGET ME NOT CHILDRENS HOSPICE,7,66
JESSIE MAY TRUST,7,66
ISLINGTON COUNCIL,7,66
BUTTERWICK HOSPICE CARE,7,66
LEEDS CITY COUNCIL,7,66
MARTIN HOUSE,7,66
HOPE HOUSE HOSPICE,7,66
DONNA LOUISE TRUST,7,66
MILTON KEYNES COUNCIL,7,66
IAIN RENNIE GROVE HOUSE HOSPICE CARE,7,66
WESSEX CHILDRENS HOSPICE TRUST,7,66
BUCKINGHAMSHIRE COUNTY COUNCIL,7,66
RAINBOW CHILDRENS HOSPICE,7,66
SHOOTING STAR CHILDRENS HOSPICE,7,66
MIDLANDS PRIVATE NEUROPHYSIOLOGY,8,26
CITY OF LINCOLN COUNCIL,8,26
AVISON YOUNG UK,8,26
LINCOLNSHIRE COMMUNITY HEALTH SERVICES,8,26
UNIVERSITY HOSPITALS OF LEICESTER NHS TR,8,26
DMC HEALTHCARE,8,26
MELTEMI CO CLOTHING,8,26
TXM TELECONSULT LTD TA TELECONSULT UK,8,26
BOSTON BOROUGH COUNCIL BUSINESS RATES,8,26
TRENT CLIFFS PRIVATE HEALTHCARE,8,26
FULL SUPPORT HEALTHCARE,8,26
INSULET INTERNATIONAL,8,26
MEDICA GROUP,8,26
VANGUARD HEALTHCARE SOLUTIONS,8,26
SOUTH KESTEVEN DISTRICT COUNCIL,8,26
HOMELINK HEALTHCARE,8,26
K2 HEALTHCARE,8,26
MEDICA REPORTING,8,26
MEDISERVICES HEALTHCARE,8,26
SYNERGY HEALTH UK,8,26
LINCOLN CITY COUNCIL,8,26
BRADFORD METROPOLITAN COUNCIL,8,26
THE SNORING DISORDERS CENTRE,8,26
NORTH WEST ANGLIA NHS FT,8,26
ZIMMER BIOMET UK,8,26
SIEMENS FINANCIAL SERVICES,8,26
SHROPSHIRE COUNCIL,9,23
GB PARTNERSHIPS,9,23
TWIN TECHNOLOGY,9,23
SIERRA NORTH CONSULTING,9,23
DOWNING HR,9,23
APHA CIC,9,23
KALEIDOSCOPE CONSULTANTS,9,23
CHS HEALTHCARE,9,23
FUTURE PERFECT HEALTHCARE,9,23
UNIVERSITY HOSPITALS COVENTRY AND WARWICKSHIRE NHS TRUST,9,23
PI,9,23
CRYSTALLISE,9,23
D T COMMISSIONING AND CONSULTANCY SERVICES,9,23
ISEER,9,23
UB HEALTHCARE,9,23
CHANNEL 3 CONSULTING,9,23
DKJC,9,23
IT WORKS HEALTH,9,23
BMG RESEARCH,9,23
FRESHWATER UK REGIONS,9,23
POPULO CONSULTING,9,23
OXFORD CENTRE FOR TRIPLE VALUE HEALTHCARE,9,23
HEADLEY BUSINESS ADVISORY SERVICES,9,23
AFRICA ADVOCACY FOUNDATION,10,16
NAZ PROJECT LONDON,10,16
UBELE INITIATIVE THE,10,16
PAPYRUS PREVENTION OF YOUNG SUICIDE,10,16
LONDON BOROUGH OF HARINGEY,10,16
GROUNDSWELL,10,16
CHANGE GROW LIVE,10,16
TM MANAGEMENT SOLUTIONS,10,16
METRO CENTRE,10,16
POSITIVE EAST,10,16
4M MENTOR MOTHERS NETWORK CIC,10,16
QUALITY EDUCATION SOLUTIONS,10,16
CONTENT GURU,10,16
THE LOVE TANK CIC,10,16
INNOVATION UNIT LTD THE,10,16
TOGETHER CREATIVE COLLABORATION,10,16
NEXT STEP NURSING,11,10
GROUP 24 LTD TA NURSING 24,11,10
DRC LOCUMS,11,10
MAYDAY HEALTHCARE,11,10
INTERACT MEDICAL LTD TA INTERACT NURSING,11,10
MEDICAL 24,11,10
MSL HEALTHCARE,11,10
NUTRIX PERSONNEL,11,10
MEDICAL PROFESSIONAL PERSONNEL,11,10
ID MEDICAL GROUP,11,10
EDF ENERGY 1,12,9
VEOLIA ENERGY & UTILITY SERVICES UK,12,9
OPUS ENERGY,12,9
INDUSTRIAL ENERGY SERVICES,12,9
TOTALENERGIES GAS & POWER,12,9
ANGLIAN WATER BUSINESS NATIONAL,12,9
SMARTESTENERGY,12,9
CORONA ENERGY,12,9
NEW ERA FUELS,12,9
FIRSTPOINT HEALTHCARE,13,6
PULSE HEALTHCARE,13,6
COYLE PERSONNEL,13,6
YOUR WORLD NURSING,13,6
TWENTY FOUR SEVEN RECRUITMENT YORKS,13,6
HKS CONSULTANCY GROUP LTD HEALTHCARE & INDUSTRAIL,13,6
ACTIVE BRADFORD,14,5
FAITH IN COMMUNITIES CIC,14,5
UK RESEARCH AND INNOVATION,14,5
BRADFORD BIRTH TO 19 TEACHING SCHOOL,14,5
NEAT VEHICLES,14,5
L ROWLAND & CO RETAIL,15,5
EMPACTIS,15,5
BEFFECTIVE,15,5
LP HCS,15,5
NHS SOUTH WEST LINCOLNSHIRE CCG,15,5
SYNERGY HEALTH MANAGED SERVICES,16,3
BERENDSEN UK,16,3
ELIS UK,16,3
LYRECO UK,17,3
MEDIQ HEALTHCARE UK,17,3
BUNZL HEALTHCARE,17,3
TONER GRAPHICS,18,2
CRISTIANOS LASER CLINIC,18,2
NORTY,19,2
DAKOTA INTEGRATED SOLUTIONS,19,2
TOTAL GAS & POWER,20,2
GAZPROM MARKETING & TRADING RETAIL,20,2
INTEGRATED PATHOLOGY SOLUTIONS IPS,21,2
INTEGRATED LABORATORY SOLUTIONS ILS,21,2
AGE UK LEEDS,22,2
AGE CONCERN MID MERSEY,22,2
IMPACT CONSULTING PSYCHOLOGISTS,23,2
BRAVEST PATH LTD THE,23,2
CATALYZE,24,2
PDP,24,2
CRYSTAL FACILITIES MANAGEMENT,25,2
BARKER ROSS STAFFING SOLUTIONS,25,2
GLOBE ARCHITECTS,26,2
OGLESBY & LIMB,26,2
INGENICA SOLUTIONS,27,2
QUADRANT SURVEYING,27,2
GLEEDS BUILDING SURVEYING,28,2
WSP SAFETY,28,2
DIAGMED HEALTHCARE,29,2
OTICON,29,2
ITS LOLLY,30,2
KADANT PAAL,30,2
LINCOLN MAGISTRATES,31,2
INVACARE,31,2
