record_id,source,entity,supplier,date,amount,category,period,is_new_supplier,anomaly_score,top_shap_feature,top_shap_value
118793,NHS_England,NHS England,GUYS & ST THOMAS HOSPITAL NHS FOUNDATION TRUST,2024-06-30,26781919.73,Services from other NHS bodies,post_covid,0,0.12021097631663402,supplier_txn_seq,3.4868904530269997
118936,NHS_England,NHS England,GUYS & ST THOMAS HOSPITAL NHS FOUNDATION TRUST,2024-09-30,23957926.67,Services from other NHS bodies,post_covid,0,0.11675468030629044,supplier_txn_seq,3.4560988686869574
154874,NHS_England,NHS England,MANCHESTER UNIVERSITY NHS FOUNDATION TRUST,2024-01-31,46698047.0,Services from other NHS bodies,post_covid,0,0.11511331335887942,supplier_txn_seq,3.5137286520296054
63197,NHS_England,NHS England,BRACKNELL FOREST COUNCIL,2024-12-31,18574622.6,Capital,post_covid,1,0.11500170292813228,is_new_supplier,3.071195354480372
119157,NHS_England,NHS England,GUYS & ST THOMAS HOSPITAL NHS FOUNDATION TRUST,2024-12-31,23957926.67,Services from other NHS bodies,post_covid,0,0.11421055878493003,supplier_txn_seq,3.3913078175284928
154843,NHS_England,NHS England,MANCHESTER UNIVERSITY NHS FOUNDATION TRUST,2023-12-31,46572776.0,Services from other NHS bodies,post_covid,0,0.11302905923238749,supplier_txn_seq,3.0376505241789995
154579,NHS_England,NHS England,MANCHESTER UNIVERSITY NHS FOUNDATION TRUST,2023-07-31,46455068.0,Services from other NHS bodies,post_covid,0,0.11063162209677113,supplier_txn_seq,2.9050498451203604
118932,NHS_England,NHS England,GUYS & ST THOMAS HOSPITAL NHS FOUNDATION TRUST,2024-09-30,19374059.0,Services from other NHS bodies,post_covid,0,0.11010787837342362,supplier_txn_seq,3.5015111442720306
118562,NHS_England,NHS England,GUYS & ST THOMAS HOSPITAL NHS FOUNDATION TRUST,2024-01-31,17264243.25,Services from other NHS bodies,post_covid,0,0.10979332496064287,supplier_txn_seq,3.8286733688736962
118735,NHS_England,NHS England,GUYS & ST THOMAS HOSPITAL NHS FOUNDATION TRUST,2024-04-30,23957926.67,Services from other NHS bodies,post_covid,0,0.10876750084792142,supplier_txn_seq,3.7375070865553375
199108,NHS_England,NHS England,OXFORD UNIVERSITY HOSPITALS NHS FOUNDATION TRUST,2024-12-31,21083526.04,Services from other NHS bodies,post_covid,0,0.10841507112254922,supplier_txn_seq,3.2861023831379317
155019,NHS_England,NHS England,MANCHESTER UNIVERSITY NHS FOUNDATION TRUST,2024-03-31,46585298.0,Services from other NHS bodies,post_covid,0,0.10834257021111804,supplier_txn_seq,3.617523960492035
119125,NHS_England,NHS England,GUYS & ST THOMAS HOSPITAL NHS FOUNDATION TRUST,2024-12-31,19374059.0,Services from other NHS bodies,post_covid,0,0.10816431192144205,supplier_txn_seq,3.440160942498667
55664,NHS_England,NHS England,BARTS HEALTH NHS TRUST,2024-12-31,26085661.5,Services from other NHS bodies,post_covid,0,0.10681838599253879,supplier_txn_seq,2.9790614484373035
127239,NHS_England,NHS England,HOSPICE UK,2022-02-28,15244830.0,Grants to Other public bodies,post_covid,0,0.10602313837821375,days_since_last_txn,3.196152836499573
118444,NHS_England,NHS England,GUYS & ST THOMAS HOSPITAL NHS FOUNDATION TRUST,2023-12-31,17264243.25,Services from other NHS bodies,post_covid,0,0.10590213157822304,supplier_txn_seq,3.3317343196913725
155066,NHS_England,NHS England,MANCHESTER UNIVERSITY NHS FOUNDATION TRUST,2024-04-30,21325135.08,Services from other NHS bodies,post_covid,0,0.10581935286452915,supplier_txn_seq,3.7718292904847703
118736,NHS_England,NHS England,GUYS & ST THOMAS HOSPITAL NHS FOUNDATION TRUST,2024-04-30,19374059.0,Services from other NHS bodies,post_covid,0,0.10565972889982156,supplier_txn_seq,3.80574613457451
118722,NHS_England,NHS England,GUYS & ST THOMAS HOSPITAL NHS FOUNDATION TRUST,2024-04-30,18793133.87,Services from other NHS bodies,post_covid,0,0.105181072947657,supplier_txn_seq,3.8132608272192545
139864,NHS_England,NHS England,KING`S COLLEGE HOSPITAL NHS FOUNDATION TRUST,2024-12-31,18010505.91,Services from other NHS bodies,post_covid,0,0.105127577243606,supplier_txn_seq,3.397310547907948
138990,NHS_England,NHS England,KING`S COLLEGE HOSPITAL NHS FOUNDATION TRUST,2023-01-31,28568710.66,Services from other NHS bodies,post_covid,0,0.10503088770143343,supplier_txn_seq,2.189215156394162
55561,NHS_England,NHS England,BARTS HEALTH NHS TRUST,2024-09-30,26085661.5,Services from other NHS bodies,post_covid,0,0.10437633667108559,supplier_txn_seq,2.9187699453950815
155290,NHS_England,NHS England,MANCHESTER UNIVERSITY NHS FOUNDATION TRUST,2024-09-30,14920136.0,Services from other NHS bodies,post_covid,0,0.1035023474210115,supplier_txn_seq,3.5458302196949605
155068,NHS_England,NHS England,MANCHESTER UNIVERSITY NHS FOUNDATION TRUST,2024-04-30,21971238.64,Education and training,post_covid,0,0.10347551618561657,supplier_txn_seq,3.7987827078475247
155437,NHS_England,NHS England,MANCHESTER UNIVERSITY NHS FOUNDATION TRUST,2024-12-31,14920136.0,Services from other NHS bodies,post_covid,0,0.10332827677045076,supplier_txn_seq,3.491210837507526
145727,NHS_England,NHS England,LEEDS TEACHING HOSPITALS NHS TRUST,2024-12-31,27531833.33,Services from other NHS bodies,post_covid,0,0.10315095863723811,supplier_txn_seq,2.8428566237462474
118794,NHS_England,NHS England,GUYS & ST THOMAS HOSPITAL NHS FOUNDATION TRUST,2024-06-30,23957926.67,Services from other NHS bodies,post_covid,0,0.10295651142222018,supplier_txn_seq,3.6817072367255483
139722,NHS_England,NHS England,KING`S COLLEGE HOSPITAL NHS FOUNDATION TRUST,2024-09-30,12171737.08,Services from other NHS bodies,post_covid,0,0.10264092887731335,supplier_txn_seq,3.1369171070561137
139748,NHS_England,NHS England,KING`S COLLEGE HOSPITAL NHS FOUNDATION TRUST,2024-09-30,18010505.91,Services from other NHS bodies,post_covid,0,0.10227383681211488,supplier_txn_seq,3.3234522544693457
154699,NHS_England,NHS England,MANCHESTER UNIVERSITY NHS FOUNDATION TRUST,2023-10-31,46572776.0,Services from other NHS bodies,post_covid,0,0.10225947905162125,supplier_txn_seq,3.0374154252315986
132015,NHS_England,NHS England,IMPERIAL COLLEGE HEALTHCARE NHS TRUST,2024-12-31,21928209.83,Services from other NHS bodies,post_covid,0,0.10219736297885929,supplier_txn_seq,3.0069966735945277
154906,NHS_England,NHS England,MANCHESTER UNIVERSITY NHS FOUNDATION TRUST,2024-02-29,46585303.0,Services from other NHS bodies,post_covid,0,0.10132836004811463,supplier_txn_seq,3.6991471180852793
118326,NHS_England,NHS England,GUYS & ST THOMAS HOSPITAL NHS FOUNDATION TRUST,2023-10-31,28058883.4,Education and training,post_covid,0,0.10126522340280397,supplier_txn_seq,3.4034346415879293
119167,NHS_England,NHS England,GUYS & ST THOMAS HOSPITAL NHS FOUNDATION TRUST,2024-12-31,2591870.0,GPMS/APMS and PCTMS,post_covid,0,0.10103795384375813,supplier_txn_seq,3.5866739337225795
118753,NHS_England,NHS England,GUYS & ST THOMAS HOSPITAL NHS FOUNDATION TRUST,2024-04-30,20003025.3,Education and training,post_covid,0,0.10067491997034195,supplier_txn_seq,3.835034935570775
155300,NHS_England,NHS England,MANCHESTER UNIVERSITY NHS FOUNDATION TRUST,2024-10-31,35258596.17,Education and training,post_covid,0,0.10059640908301404,supplier_txn_seq,3.6520591980240793
145626,NHS_England,NHS England,LEEDS TEACHING HOSPITALS NHS TRUST,2024-09-30,27531833.33,Services from other NHS bodies,post_covid,0,0.10040463077670758,supplier_txn_seq,2.7432010528409627
155149,NHS_England,NHS England,MANCHESTER UNIVERSITY NHS FOUNDATION TRUST,2024-06-30,21072095.67,Services from other NHS bodies,post_covid,0,0.10024939654811804,supplier_txn_seq,3.7194908141442027
154552,NHS_England,NHS England,MANCHESTER UNIVERSITY NHS FOUNDATION TRUST,2023-07-31,18406447.0,Education and training,post_covid,0,0.10013976873934483,supplier_txn_seq,2.7569164284582213
198838,NHS_England,NHS England,OXFORD UNIVERSITY HOSPITALS NHS FOUNDATION TRUST,2024-04-30,37965651.49,Services from other NHS bodies,post_covid,0,0.10008367370975302,supplier_txn_seq,3.1457125496029974
118669,NHS_England,NHS England,GUYS & ST THOMAS HOSPITAL NHS FOUNDATION TRUST,2024-03-31,17264243.25,Services from other NHS bodies,post_covid,0,0.1000463605224714,supplier_txn_seq,3.786519357554931
118812,NHS_England,NHS England,GUYS & ST THOMAS HOSPITAL NHS FOUNDATION TRUST,2024-06-30,19374059.0,Services from other NHS bodies,post_covid,0,0.09993269641872649,supplier_txn_seq,3.733209455629694
193475,NHS_England,NHS England,NOTTINGHAM UNIVERSITY HOSPITALS NHS TRUST,2023-12-31,29070057.67,Services from other NHS bodies,post_covid,0,0.0998140566660709,supplier_txn_seq,2.56582654905035
55449,NHS_England,NHS England,BARTS HEALTH NHS TRUST,2024-06-30,26085661.5,Services from other NHS bodies,post_covid,0,0.09942903619096854,supplier_txn_seq,2.819008616717282
118841,NHS_England,NHS England,GUYS & ST THOMAS HOSPITAL NHS FOUNDATION TRUST,2024-07-31,23957926.67,Services from other NHS bodies,post_covid,0,0.09925304147279634,supplier_txn_seq,3.749697259462955
131875,NHS_England,NHS England,IMPERIAL COLLEGE HEALTHCARE NHS TRUST,2024-09-30,21928209.83,Services from other NHS bodies,post_covid,0,0.0986641618750469,supplier_txn_seq,2.9310847844280623
198994,NHS_England,NHS England,OXFORD UNIVERSITY HOSPITALS NHS FOUNDATION TRUST,2024-09-30,20548935.77,Services from other NHS bodies,post_covid,0,0.0981783955169876,supplier_txn_seq,3.0689406232683556
169657,NHS_England,NHS England,NEWCASTLE UPON TYNE HOSPITALS NHS FOUNDATION TRUST,2024-12-31,28174750.0,Services from other NHS bodies,post_covid,0,0.09817044471357372,supplier_txn_seq,2.6689798701133847
155130,NHS_England,NHS England,MANCHESTER UNIVERSITY NHS FOUNDATION TRUST,2024-06-30,17627005.17,Services from other NHS bodies,post_covid,0,0.09803549256241428,supplier_txn_seq,3.7511954601780397
193308,NHS_England,NHS England,NOTTINGHAM UNIVERSITY HOSPITALS NHS TRUST,2023-07-31,28851304.58,Services from other NHS bodies,post_covid,0,0.09796914325744843,supplier_txn_seq,2.544765428064178
168823,NHS_England,NHS England,NEWCASTLE UPON TYNE HOSPITALS NHS FOUNDATION TRUST,2022-01-31,39721600.0,Services from other NHS bodies,covid,0,0.09768926761090846,log_amount,1.958155059832449
265896,NHS_England,NHS England,UNIVERSITY HOSPITALS BRISTOL AND WESTON NHS FOUNDATION TRUST,2024-09-30,45541501.25,Services from other NHS bodies,post_covid,0,0.09765790495246085,supplier_txn_seq,2.4842688370503665
263416,NHS_England,NHS England,UNIVERSITY COLLEGE LONDON HOSPITALS NHS FOUNDATION TRUST,2024-12-31,11469776.92,Services from other NHS bodies,post_covid,0,0.0975918522957141,supplier_txn_seq,3.5570844595209765
118556,NHS_England,NHS England,GUYS & ST THOMAS HOSPITAL NHS FOUNDATION TRUST,2024-01-31,1475000.0,GPMS/APMS and PCTMS,post_covid,0,0.09753911206490762,supplier_txn_seq,4.087617016622138
118174,NHS_England,NHS England,GUYS & ST THOMAS HOSPITAL NHS FOUNDATION TRUST,2023-07-31,17264243.25,Services from other NHS bodies,post_covid,0,0.09744032849662376,supplier_txn_seq,3.1520566717428253
139861,NHS_England,NHS England,KING`S COLLEGE HOSPITAL NHS FOUNDATION TRUST,2024-12-31,12171737.08,Services from other NHS bodies,post_covid,0,0.0972763506014026,supplier_txn_seq,3.4683239491447386
118527,NHS_England,NHS England,GUYS & ST THOMAS HOSPITAL NHS FOUNDATION TRUST,2024-01-31,9483409.58,Services from other NHS bodies,post_covid,0,0.09715970758230252,supplier_txn_seq,3.9579819476210165
127227,NHS_England,NHS England,HOSPICE UK,2020-06-30,20902004.0,Grants to Other public bodies,covid,0,0.09705887428046878,days_since_last_txn,3.4359930779586283
145533,NHS_England,NHS England,LEEDS TEACHING HOSPITALS NHS TRUST,2024-06-30,27531833.33,Services from other NHS bodies,post_covid,0,0.09700890770048765,supplier_txn_seq,2.6789447132917177
263424,NHS_England,NHS England,UNIVERSITY COLLEGE LONDON HOSPITALS NHS FOUNDATION TRUST,2024-12-31,9716229.75,Services from other NHS bodies,post_covid,0,0.09683605239356607,supplier_txn_seq,3.580793832172187
192961,NHS_England,NHS England,NOTTINGHAM UNIVERSITY HOSPITALS NHS TRUST,2022-01-31,32643300.0,Services from other NHS bodies,covid,0,0.0966853894939197,supplier_txn_seq,2.0366036710621294
118472,NHS_England,NHS England,GUYS & ST THOMAS HOSPITAL NHS FOUNDATION TRUST,2023-12-31,9483409.58,Services from other NHS bodies,post_covid,0,0.09622951973666949,supplier_txn_seq,3.459285832594921
138782,NHS_England,NHS England,KING`S COLLEGE HOSPITAL NHS FOUNDATION TRUST,2022-01-31,36921200.0,Services from other NHS bodies,covid,0,0.0962128034033598,log_amount,1.9814867499193582
127821,NHS_England,NHS England,HULL CITY COUNCIL,2024-03-31,12000000.0,Capital,post_covid,0,0.09620469145769595,days_since_last_txn,3.462342499063508
264864,NHS_England,NHS England,UNIVERSITY HOSPITALS BIRMINGHAM NHS FOUNDATION TRUST,2024-12-31,19485617.59,Services from other NHS bodies,post_covid,0,0.09617516681169669,supplier_txn_seq,2.9612147286127883
154863,NHS_England,NHS England,MANCHESTER UNIVERSITY NHS FOUNDATION TRUST,2024-01-31,13502075.08,Services from other NHS bodies,post_covid,0,0.09598981332973289,supplier_txn_seq,3.6779735081387273
193783,NHS_England,NHS England,NOTTINGHAM UNIVERSITY HOSPITALS NHS TRUST,2024-12-31,12084331.17,Services from other NHS bodies,post_covid,0,0.09592435458421522,supplier_txn_seq,2.952732573825431
155056,NHS_England,NHS England,MANCHESTER UNIVERSITY NHS FOUNDATION TRUST,2024-04-30,13566701.42,Services from other NHS bodies,post_covid,0,0.0959038698046416,supplier_txn_seq,3.8432623155999477
169536,NHS_England,NHS England,NEWCASTLE UPON TYNE HOSPITALS NHS FOUNDATION TRUST,2024-09-30,28174750.0,Services from other NHS bodies,post_covid,0,0.09585207095313264,supplier_txn_seq,2.5931685415486863
154696,NHS_England,NHS England,MANCHESTER UNIVERSITY NHS FOUNDATION TRUST,2023-10-31,30115440.75,Education and training,post_covid,0,0.0951478672268421,supplier_txn_seq,3.0584596753896127
263236,NHS_England,NHS England,UNIVERSITY COLLEGE LONDON HOSPITALS NHS FOUNDATION TRUST,2024-09-30,11469776.92,Services from other NHS bodies,post_covid,0,0.09512609536195882,supplier_txn_seq,3.5391224780751385
206994,NHS_England,NHS England,PRACTICE PLUS GROUP HEALTH & REHABILITATION SERVICES LTD,2024-09-30,1737065.0,Purchase of healthcare from non-NHS bodies,post_covid,0,0.09511501570868797,supplier_txn_seq,3.6815266681749943
118575,NHS_England,NHS England,GUYS & ST THOMAS HOSPITAL NHS FOUNDATION TRUST,2024-02-29,17264243.25,Services from other NHS bodies,post_covid,0,0.09504110133249133,supplier_txn_seq,3.9980748201936254
218710,NHS_England,NHS England,ROYAL FREE LONDON NHS FOUNDATION TRUST,2024-12-31,17596076.42,Services from other NHS bodies,post_covid,0,0.0949472177949755,supplier_txn_seq,3.058111388033043
119041,NHS_England,NHS England,GUYS & ST THOMAS HOSPITAL NHS FOUNDATION TRUST,2024-10-31,23957926.67,Services from other NHS bodies,post_covid,0,0.09488220168362638,supplier_txn_seq,3.6812401418391856
209648,NHS_England,NHS England,QIAGEN LTD,2022-01-31,1651176.0,Establishment,covid,0,0.09466575918395426,days_since_last_txn,3.460735423168329
145384,NHS_England,NHS England,LEEDS TEACHING HOSPITALS NHS TRUST,2023-12-31,28679000.0,Services from other NHS bodies,post_covid,0,0.09442057146009675,supplier_txn_seq,2.359416050901833
118654,NHS_England,NHS England,GUYS & ST THOMAS HOSPITAL NHS FOUNDATION TRUST,2024-03-31,14354670.0,Services from other NHS bodies,post_covid,0,0.0942515896730236,supplier_txn_seq,3.8496679571727603
154757,NHS_England,NHS England,MANCHESTER UNIVERSITY NHS FOUNDATION TRUST,2023-11-30,46572776.0,Services from other NHS bodies,post_covid,0,0.0940838412746604,supplier_txn_seq,3.1423166729414826
193503,NHS_England,NHS England,NOTTINGHAM UNIVERSITY HOSPITALS NHS TRUST,2024-01-31,30227003.17,Services from other NHS bodies,post_covid,0,0.09398162708926183,supplier_txn_seq,2.92584126726698
154813,NHS_England,NHS England,MANCHESTER UNIVERSITY NHS FOUNDATION TRUST,2023-12-31,13502075.08,Services from other NHS bodies,post_covid,0,0.09387132306469137,supplier_txn_seq,3.132897046232166
263239,NHS_England,NHS England,UNIVERSITY COLLEGE LONDON HOSPITALS NHS FOUNDATION TRUST,2024-09-30,9716229.75,Services from other NHS bodies,post_covid,0,0.09386938677422285,supplier_txn_seq,3.5703276072360937
119163,NHS_England,NHS England,GUYS & ST THOMAS HOSPITAL NHS FOUNDATION TRUST,2024-12-31,9208367.11,Services from other NHS bodies,post_covid,0,0.09344993748067598,supplier_txn_seq,3.6012002498054883
119117,NHS_England,NHS England,GUYS & ST THOMAS HOSPITAL NHS FOUNDATION TRUST,2024-11-30,23957926.67,Services from other NHS bodies,post_covid,0,0.09283831005869547,supplier_txn_seq,3.533531048164861
199099,NHS_England,NHS England,OXFORD UNIVERSITY HOSPITALS NHS FOUNDATION TRUST,2024-12-31,9595017.93,Services from other NHS bodies,post_covid,0,0.09275002852190628,supplier_txn_seq,3.438075312853443
249055,NHS_England,NHS England,ST GEORGES UNIVERSITY HOSPITALS NHS FOUNDATION TRUST,2024-09-30,12869510.0,Services from other NHS bodies,post_covid,0,0.09254277287461299,supplier_txn_seq,2.7455171304690893
229373,NHS_England,NHS England,SHEFFIELD TEACHING HOSPITALS NHS FOUNDATION TRUST,2024-12-31,17556000.0,Services from other NHS bodies,post_covid,0,0.0924367102762641,supplier_txn_seq,2.9800505576416256
118972,NHS_England,NHS England,GUYS & ST THOMAS HOSPITAL NHS FOUNDATION TRUST,2024-09-30,8953770.87,Services from other NHS bodies,post_covid,0,0.09226392725757271,supplier_txn_seq,3.6894705982404976
262107,NHS_England,NHS England,UNIVERSITY COLLEGE LONDON HOSPITALS NHS FOUNDATION TRUST,2022-01-31,40876300.0,Services from other NHS bodies,covid,0,0.09225452096998199,log_amount,1.9871170002351757
272257,NHS_England,NHS England,UNIVERSITY HOSPITALS PLYMOUTH NHS TRUST,2024-09-30,24058331.5,Services from other NHS bodies,post_covid,0,0.09204168501303156,supplier_txn_seq,2.052474832340042
264791,NHS_England,NHS England,UNIVERSITY HOSPITALS BIRMINGHAM NHS FOUNDATION TRUST,2024-09-30,19485617.59,Services from other NHS bodies,post_covid,0,0.09177932776916886,supplier_txn_seq,2.935726520722
118862,NHS_England,NHS England,GUYS & ST THOMAS HOSPITAL NHS FOUNDATION TRUST,2024-07-31,19374059.0,Services from other NHS bodies,post_covid,0,0.09146447317173534,supplier_txn_seq,3.8074329192214593
198900,NHS_England,NHS England,OXFORD UNIVERSITY HOSPITALS NHS FOUNDATION TRUST,2024-06-30,29147803.8,Services from other NHS bodies,post_covid,0,0.09145898819630782,supplier_txn_seq,3.142427394510605
154993,NHS_England,NHS England,MANCHESTER UNIVERSITY NHS FOUNDATION TRUST,2024-03-31,13502075.08,Services from other NHS bodies,post_covid,0,0.0913758795702192,supplier_txn_seq,3.8000319633385837
228531,NHS_England,NHS England,SHEFFIELD TEACHING HOSPITALS NHS FOUNDATION TRUST,2022-01-31,33046000.0,Services from other NHS bodies,covid,0,0.09131566010121517,log_amount,1.9790838401207747
55226,NHS_England,NHS England,BARTS HEALTH NHS TRUST,2023-12-31,25787132.25,Services from other NHS bodies,post_covid,0,0.09127670150396838,supplier_txn_seq,2.4052944342123967
198031,NHS_England,NHS England,OXFORD UNIVERSITY HOSPITALS NHS FOUNDATION TRUST,2022-01-31,36374900.0,Services from other NHS bodies,covid,0,0.09115930676769679,log_amount,2.007149932959111
193171,NHS_England,NHS England,NOTTINGHAM UNIVERSITY HOSPITALS NHS TRUST,2023-01-31,30504347.22,Services from other NHS bodies,post_covid,0,0.09082082546345693,supplier_txn_seq,2.396245958568668
78819,NHS_England,NHS England,CIRCLE HEALTH HOLDINGS LTD,2022-12-31,4648067.0,Purchase of healthcare from non-NHS bodies,post_covid,0,0.09080130938260089,days_since_last_txn,3.502084174764658
198673,NHS_England,NHS England,OXFORD UNIVERSITY HOSPITALS NHS FOUNDATION TRUST,2023-12-31,21868032.15,Services from other NHS bodies,post_covid,0,0.09078459429053043,supplier_txn_seq,2.599081598826297
118767,NHS_England,NHS England,GUYS & ST THOMAS HOSPITAL NHS FOUNDATION TRUST,2024-05-31,23957926.67,Services from other NHS bodies,post_covid,0,0.09078127668159697,supplier_txn_seq,3.8321843706479237
118135,NHS_England,NHS England,GUYS & ST THOMAS HOSPITAL NHS FOUNDATION TRUST,2023-07-31,16536533.0,Education and training,post_covid,0,0.09072900052100485,supplier_txn_seq,3.126458636704362
264282,NHS_England,NHS England,UNIVERSITY HOSPITALS BIRMINGHAM NHS FOUNDATION TRUST,2023-01-31,37230717.37,Services from other NHS bodies,post_covid,0,0.0906645837168032,supplier_txn_seq,2.2979768902760367
118344,NHS_England,NHS England,GUYS & ST THOMAS HOSPITAL NHS FOUNDATION TRUST,2023-10-31,17264243.25,Services from other NHS bodies,post_covid,0,0.09058074353706758,supplier_txn_seq,3.4902506658925825
145724,NHS_England,NHS England,LEEDS TEACHING HOSPITALS NHS TRUST,2024-12-31,16923500.0,Services from other NHS bodies,post_covid,0,0.0904035828430152,supplier_txn_seq,2.9256599011276165
198720,NHS_England,NHS England,OXFORD UNIVERSITY HOSPITALS NHS FOUNDATION TRUST,2024-01-31,22317198.82,Services from other NHS bodies,post_covid,0,0.09022447120244403,supplier_txn_seq,2.9737561952787006
265901,NHS_England,NHS England,UNIVERSITY HOSPITALS BRISTOL AND WESTON NHS FOUNDATION TRUST,2024-09-30,22158405.15,Services from other NHS bodies,post_covid,0,0.08974061916228926,supplier_txn_seq,2.55328699039144
198277,NHS_England,NHS England,OXFORD UNIVERSITY HOSPITALS NHS FOUNDATION TRUST,2023-01-31,37074261.99,Services from other NHS bodies,post_covid,0,0.0897278728526193,supplier_txn_seq,2.2707302323052776
265958,NHS_England,NHS England,UNIVERSITY HOSPITALS BRISTOL AND WESTON NHS FOUNDATION TRUST,2024-12-31,22809785.96,Services from other NHS bodies,post_covid,0,0.08970146916676858,supplier_txn_seq,2.5297302388978804
118526,NHS_England,NHS England,GUYS & ST THOMAS HOSPITAL NHS FOUNDATION TRUST,2024-01-31,6968260.74,Services from other NHS bodies,post_covid,0,0.08968307725414137,supplier_txn_seq,4.0658101622737055
118990,NHS_England,NHS England,GUYS & ST THOMAS HOSPITAL NHS FOUNDATION TRUST,2024-10-31,26047146.45,Education and training,post_covid,0,0.08963557038048497,supplier_txn_seq,3.703180304846242
55690,NHS_England,NHS England,BARTS HEALTH NHS TRUST,2024-12-31,14323507.83,Services from other NHS bodies,post_covid,0,0.0895908463714814,supplier_txn_seq,3.0787395454732502
196716,NHS_England,NHS England,OUTCOMES BASED HEALTHCARE LTD,2023-04-30,10800000.0,Capital,post_covid,0,0.0895021572067709,days_since_last_txn,3.4244535661275886
4416,Bradford_Teaching_Hospitals,Bradford Teaching Hospitals NHS Foundation Trust,ANDRAC LTD,2020-11-30,880.0,Med & Surg Equip Disp,covid,1,0.08944988691862632,is_new_supplier,3.5115872460447957
139857,NHS_England,NHS England,KING`S COLLEGE HOSPITAL NHS FOUNDATION TRUST,2024-12-31,3757170.17,Services from other NHS bodies,post_covid,0,0.08939735690706563,supplier_txn_seq,3.6230669179175816
260725,NHS_England,NHS England,UNI HOSPITAL SOUTHAMPTON NHS FT,2024-12-31,20364431.32,Services from other NHS bodies,post_covid,0,0.08937019982660077,supplier_txn_seq,2.6842472362733263
138796,NHS_England,NHS England,KING`S COLLEGE HOSPITAL NHS FOUNDATION TRUST,2022-02-28,36921200.0,Services from other NHS bodies,post_covid,0,0.08935711062823448,supplier_txn_seq,1.994276545567809
169282,NHS_England,NHS England,NEWCASTLE UPON TYNE HOSPITALS NHS FOUNDATION TRUST,2023-12-31,29816666.67,Services from other NHS bodies,post_covid,0,0.08934370573022232,supplier_txn_seq,2.150629469179555
155436,NHS_England,NHS England,MANCHESTER UNIVERSITY NHS FOUNDATION TRUST,2024-12-31,7306300.5,Services from other NHS bodies,post_covid,0,0.08931570661332011,supplier_txn_seq,3.644695035704521
192981,NHS_England,NHS England,NOTTINGHAM UNIVERSITY HOSPITALS NHS TRUST,2022-02-28,32643300.0,Services from other NHS bodies,post_covid,0,0.08920119895416789,supplier_txn_seq,2.087185582177283
154011,NHS_England,NHS England,MANCHESTER UNIVERSITY NHS FOUNDATION TRUST,2022-01-31,17778000.0,Services from other NHS bodies,covid,0,0.08893585150983552,supplier_txn_seq,2.1769774501030517
145647,NHS_England,NHS England,LEEDS TEACHING HOSPITALS NHS TRUST,2024-10-31,33576145.69,Education and training,post_covid,0,0.08889209802834186,supplier_txn_seq,2.814969017832779
131535,NHS_England,NHS England,IMPERIAL COLLEGE HEALTHCARE NHS TRUST,2023-12-31,22512505.91,Services from other NHS bodies,post_covid,0,0.08877941502959319,supplier_txn_seq,2.409917443413343
218560,NHS_England,NHS England,ROYAL FREE LONDON NHS FOUNDATION TRUST,2024-09-30,17596076.42,Services from other NHS bodies,post_covid,0,0.08876281008880671,supplier_txn_seq,2.9497987430545396
145355,NHS_England,NHS England,LEEDS TEACHING HOSPITALS NHS TRUST,2023-12-31,16001250.0,Services from other NHS bodies,post_covid,0,0.08846550006836429,supplier_txn_seq,2.260360493931503
118599,NHS_England,NHS England,GUYS & ST THOMAS HOSPITAL NHS FOUNDATION TRUST,2024-02-29,15121569.68,Education and training,post_covid,0,0.08845229485726624,supplier_txn_seq,4.053782904995203
154978,NHS_England,NHS England,MANCHESTER UNIVERSITY NHS FOUNDATION TRUST,2024-03-31,10497845.0,Services from other NHS bodies,post_covid,0,0.08836762840787815,supplier_txn_seq,3.8459085105234285
145208,NHS_England,NHS England,LEEDS TEACHING HOSPITALS NHS TRUST,2023-07-31,28679000.0,Services from other NHS bodies,post_covid,0,0.08830036543371345,supplier_txn_seq,2.2135826691497797
154967,NHS_England,NHS England,MANCHESTER UNIVERSITY NHS FOUNDATION TRUST,2024-03-31,6319104.92,Services from other NHS bodies,post_covid,0,0.0882794878051768,supplier_txn_seq,3.7846150988215483
118525,NHS_England,NHS England,GUYS & ST THOMAS HOSPITAL NHS FOUNDATION TRUST,2024-01-31,6520648.0,Services from other NHS bodies,post_covid,0,0.08822999197483838,supplier_txn_seq,4.0828289724048785
144856,NHS_England,NHS England,LEEDS TEACHING HOSPITALS NHS TRUST,2022-01-31,45150800.0,Services from other NHS bodies,covid,0,0.08822146898531669,log_amount,2.001742397090859
155435,NHS_England,NHS England,MANCHESTER UNIVERSITY NHS FOUNDATION TRUST,2024-12-31,7109527.41,Services from other NHS bodies,post_covid,0,0.08814176418600272,supplier_txn_seq,3.6468680774636906
55405,NHS_England,NHS England,BARTS HEALTH NHS TRUST,2024-04-30,25924169.5,Services from other NHS bodies,post_covid,0,0.08805297488035269,supplier_txn_seq,2.9637783270508766
118886,NHS_England,NHS England,GUYS & ST THOMAS HOSPITAL NHS FOUNDATION TRUST,2024-08-31,23957926.67,Services from other NHS bodies,post_covid,0,0.0879464818486635,supplier_txn_seq,3.6760367267175025
118795,NHS_England,NHS England,GUYS & ST THOMAS HOSPITAL NHS FOUNDATION TRUST,2024-06-30,11131318.54,Services from other NHS bodies,post_covid,0,0.08781126346306345,supplier_txn_seq,3.8858648032716414
263409,NHS_England,NHS England,UNIVERSITY COLLEGE LONDON HOSPITALS NHS FOUNDATION TRUST,2024-12-31,6604796.25,Services from other NHS bodies,post_covid,0,0.08770721725152841,supplier_txn_seq,3.6635287534936682
193564,NHS_England,NHS England,NOTTINGHAM UNIVERSITY HOSPITALS NHS TRUST,2024-03-31,29376106.92,Services from other NHS bodies,post_covid,0,0.08768233969371098,supplier_txn_seq,3.025312459999092
117890,NHS_England,NHS England,GUYS & ST THOMAS HOSPITAL NHS FOUNDATION TRUST,2023-01-31,15256133.5,Services from other NHS bodies,post_covid,0,0.08762975696021713,supplier_txn_seq,2.903767561143931
154966,NHS_England,NHS England,MANCHESTER UNIVERSITY NHS FOUNDATION TRUST,2024-02-29,17015314.0,Education and training,post_covid,0,0.08752974485187137,supplier_txn_seq,3.9671136514626575
139556,NHS_England,NHS England,KING`S COLLEGE HOSPITAL NHS FOUNDATION TRUST,2024-04-30,17834792.58,Services from other NHS bodies,post_covid,0,0.08735742881772313,supplier_txn_seq,3.2846706933418313
155292,NHS_England,NHS England,MANCHESTER UNIVERSITY NHS FOUNDATION TRUST,2024-09-30,7076754.5,Services from other NHS bodies,post_covid,0,0.08725078314718826,supplier_txn_seq,3.721387754128111
262328,NHS_England,NHS England,UNIVERSITY COLLEGE LONDON HOSPITALS NHS FOUNDATION TRUST,2023-01-31,34544756.16,Services from other NHS bodies,post_covid,0,0.08723616519349664,supplier_txn_seq,2.226759292688413
241463,NHS_England,NHS England,SPECSAVERS OPTICIANS,2020-08-31,89097.0,General Opthalmic services,covid,0,0.0871949054265807,supplier_txn_seq,4.094071500558596
193200,NHS_England,NHS England,NOTTINGHAM UNIVERSITY HOSPITALS NHS TRUST,2023-02-28,34566928.22,Services from other NHS bodies,post_covid,0,0.08718139963995075,supplier_txn_seq,2.4918724949105098
119154,NHS_England,NHS England,GUYS & ST THOMAS HOSPITAL NHS FOUNDATION TRUST,2024-12-31,6264620.58,Services from other NHS bodies,post_covid,0,0.08708526919772863,supplier_txn_seq,3.6740902715420574
229264,NHS_England,NHS England,SHEFFIELD TEACHING HOSPITALS NHS FOUNDATION TRUST,2024-09-30,17556000.0,Services from other NHS bodies,post_covid,0,0.08705118661296785,supplier_txn_seq,2.880303281888416
192757,NHS_England,NHS England,NOTTINGHAM UNIVERSITY HOSPITALS NHS TRUST,2020-11-30,33045200.0,Services from other NHS bodies,covid,0,0.08700714641005147,log_amount,1.9485628800074015
119039,NHS_England,NHS England,GUYS & ST THOMAS HOSPITAL NHS FOUNDATION TRUST,2024-10-31,19374059.0,Services from other NHS bodies,post_covid,0,0.08695436238433618,supplier_txn_seq,3.74246488893407
153726,NHS_England,NHS England,MANCHESTER UNIVERSITY NHS FOUNDATION TRUST,2021-01-31,48392700.0,Services from other NHS bodies,covid,0,0.08665768115209971,log_amount,2.0232703503962077
145415,NHS_England,NHS England,LEEDS TEACHING HOSPITALS NHS TRUST,2024-01-31,28679000.0,Services from other NHS bodies,post_covid,0,0.08663517775366969,supplier_txn_seq,2.6839430708532745
119119,NHS_England,NHS England,GUYS & ST THOMAS HOSPITAL NHS FOUNDATION TRUST,2024-11-30,19374059.0,Services from other NHS bodies,post_covid,0,0.08650420180330987,supplier_txn_seq,3.5876117384155215
118680,NHS_England,NHS England,GUYS & ST THOMAS HOSPITAL NHS FOUNDATION TRUST,2024-03-31,9483409.58,Services from other NHS bodies,post_covid,0,0.0864884968189803,supplier_txn_seq,3.9299425295653405
130976,NHS_England,NHS England,IMPERIAL COLLEGE HEALTHCARE NHS TRUST,2022-01-31,34490000.0,Services from other NHS bodies,covid,0,0.08635591690422628,log_amount,2.033056553381311
118473,NHS_England,NHS England,GUYS & ST THOMAS HOSPITAL NHS FOUNDATION TRUST,2023-12-31,6968260.74,Services from other NHS bodies,post_covid,0,0.08629975947439761,supplier_txn_seq,3.5740727126179546
121471,NHS_England,NHS England,HCA INTERNATIONAL LTD,2020-03-31,18642129.0,Purchase of healthcare from non-NHS bodies,covid,1,0.08627816900466101,is_new_supplier,3.1448933536570065
139893,NHS_England,NHS England,KING`S COLLEGE HOSPITAL NHS FOUNDATION TRUST,2024-12-31,6637346.58,Services from other NHS bodies,post_covid,0,0.08627642752199027,supplier_txn_seq,3.6116850518567762
193114,NHS_England,NHS England,NOTTINGHAM UNIVERSITY HOSPITALS NHS TRUST,2022-10-31,30814758.33,Services from other NHS bodies,post_covid,0,0.08625957822681485,supplier_txn_seq,2.0975940773825035
131856,NHS_England,NHS England,IMPERIAL COLLEGE HEALTHCARE NHS TRUST,2024-09-30,7880631.83,Services from other NHS bodies,post_covid,0,0.08618665008187554,supplier_txn_seq,2.9471861593040773
154437,NHS_England,NHS England,MANCHESTER UNIVERSITY NHS FOUNDATION TRUST,2023-04-30,45259683.92,Services from other NHS bodies,post_covid,0,0.0860975560936903,supplier_txn_seq,2.839850668188099
218721,NHS_England,NHS England,ROYAL FREE LONDON NHS FOUNDATION TRUST,2024-12-31,11463862.34,Services from other NHS bodies,post_covid,0,0.08601254968328642,supplier_txn_seq,3.1395876459203182
118774,NHS_England,NHS England,GUYS & ST THOMAS HOSPITAL NHS FOUNDATION TRUST,2024-05-31,19374059.0,Services from other NHS bodies,post_covid,0,0.0858676408994784,supplier_txn_seq,3.90117326714065
229110,NHS_England,NHS England,SHEFFIELD TEACHING HOSPITALS NHS FOUNDATION TRUST,2024-04-30,17556000.0,Services from other NHS bodies,post_covid,0,0.08583564257854026,supplier_txn_seq,2.7507554377368106
155178,NHS_England,NHS England,MANCHESTER UNIVERSITY NHS FOUNDATION TRUST,2024-07-31,19783751.42,Education and training,post_covid,0,0.08583286081689834,supplier_txn_seq,3.8461751896540037
264548,NHS_England,NHS England,UNIVERSITY HOSPITALS BIRMINGHAM NHS FOUNDATION TRUST,2023-12-31,20096881.56,Services from other NHS bodies,post_covid,0,0.0858260920894971,supplier_txn_seq,2.498356864446368
264306,NHS_England,NHS England,UNIVERSITY HOSPITALS BIRMINGHAM NHS FOUNDATION TRUST,2023-02-28,41389520.89,Services from other NHS bodies,post_covid,0,0.0857999433329093,supplier_txn_seq,2.4022984801694567
184089,NHS_England,NHS England,NORTH BRISTOL NHS TRUST,2024-04-30,19544509.57,Services from other NHS bodies,post_covid,0,0.085787015170807,supplier_txn_seq,2.5889148920740186
193391,NHS_England,NHS England,NOTTINGHAM UNIVERSITY HOSPITALS NHS TRUST,2023-10-31,29071271.75,Services from other NHS bodies,post_covid,0,0.08574702820639701,supplier_txn_seq,2.6136421397197185
117171,NHS_England,NHS England,GUYS & ST THOMAS HOSPITAL NHS FOUNDATION TRUST,2020-08-31,49869800.0,Services from other NHS bodies,covid,0,0.08569952999292174,amount_zscore_category,2.0288520157271934
55028,NHS_England,NHS England,BARTS HEALTH NHS TRUST,2023-07-31,25791612.42,Services from other NHS bodies,post_covid,0,0.0856265221526793,supplier_txn_seq,2.2606796155040763
264228,NHS_England,NHS England,UNIVERSITY HOSPITALS BIRMINGHAM NHS FOUNDATION TRUST,2022-10-31,37611468.7,Services from other NHS bodies,post_covid,0,0.08562080743421374,supplier_txn_seq,2.0364132353871387
54639,NHS_England,NHS England,BARTS HEALTH NHS TRUST,2022-01-31,44645200.0,Services from other NHS bodies,covid,0,0.0855834929686713,log_amount,2.0289318476439115
55424,NHS_England,NHS England,BARTS HEALTH NHS TRUST,2024-05-31,26247153.5,Services from other NHS bodies,post_covid,0,0.08555876905608462,supplier_txn_seq,2.8438341700627943
145493,NHS_England,NHS England,LEEDS TEACHING HOSPITALS NHS TRUST,2024-04-30,27087250.0,Services from other NHS bodies,post_covid,0,0.08545117763914967,supplier_txn_seq,2.813964035815027
68944,NHS_England,NHS England,CAMBRIDGE UNIVERSITY HOSPITALS NHS FOUNDATION TRUST,2022-01-31,30979800.0,Services from other NHS bodies,covid,0,0.08542503246707567,log_amount,2.001016089181755
118766,NHS_England,NHS England,GUYS & ST THOMAS HOSPITAL NHS FOUNDATION TRUST,2024-05-31,18793133.87,Services from other NHS bodies,post_covid,0,0.0853702186648373,supplier_txn_seq,3.908636325938607
118474,NHS_England,NHS England,GUYS & ST THOMAS HOSPITAL NHS FOUNDATION TRUST,2023-12-31,6520648.0,Services from other NHS bodies,post_covid,0,0.08526907817599505,supplier_txn_seq,3.587638818783308
249172,NHS_England,NHS England,ST GEORGES UNIVERSITY HOSPITALS NHS FOUNDATION TRUST,2024-12-31,12869510.0,Services from other NHS bodies,post_covid,0,0.08523711216768215,supplier_txn_seq,3.0178425140358502
145202,NHS_England,NHS England,LEEDS TEACHING HOSPITALS NHS TRUST,2023-07-31,21230980.28,Education and training,post_covid,0,0.08521783665726257,supplier_txn_seq,2.139641964456163
54861,NHS_England,NHS England,BARTS HEALTH NHS TRUST,2023-01-31,39676859.84,Services from other NHS bodies,post_covid,0,0.0852091105998426,supplier_txn_seq,2.0992204718921488
198061,NHS_England,NHS England,OXFORD UNIVERSITY HOSPITALS NHS FOUNDATION TRUST,2022-02-28,36503200.0,Services from other NHS bodies,post_covid,0,0.08518280408352608,log_amount,1.9950400819561425
155293,NHS_England,NHS England,MANCHESTER UNIVERSITY NHS FOUNDATION TRUST,2024-09-30,6440146.41,Services from other NHS bodies,post_covid,0,0.08516662748595172,supplier_txn_seq,3.752420544154435
55260,NHS_England,NHS England,BARTS HEALTH NHS TRUST,2024-01-31,25787132.25,Services from other NHS bodies,post_covid,0,0.08508377402379741,supplier_txn_seq,2.743964828381983
198454,NHS_England,NHS England,OXFORD UNIVERSITY HOSPITALS NHS FOUNDATION TRUST,2023-07-31,21804876.35,Services from other NHS bodies,post_covid,0,0.08507103280975892,supplier_txn_seq,2.435725227876252
121961,NHS_England,NHS England,HEALTH AND SOCIAL CARE INFORMATION CENTRE,2023-01-31,3825583.0,Capital,post_covid,0,0.08503875598187505,days_since_last_txn,3.3379349434607954
218447,NHS_England,NHS England,ROYAL FREE LONDON NHS FOUNDATION TRUST,2024-06-30,17596076.42,Services from other NHS bodies,post_covid,0,0.084991217403669,supplier_txn_seq,2.7969291320744882
228555,NHS_England,NHS England,SHEFFIELD TEACHING HOSPITALS NHS FOUNDATION TRUST,2022-02-28,33046000.0,Services from other NHS bodies,post_covid,0,0.08487289832187805,log_amount,1.9845955434305567
78766,NHS_England,NHS England,CIRCLE HEALTH HOLDINGS LTD,2020-03-31,16007870.0,Purchase of healthcare from non-NHS bodies,covid,1,0.0848503436604926,is_new_supplier,3.1480613342097072
198351,NHS_England,NHS England,OXFORD UNIVERSITY HOSPITALS NHS FOUNDATION TRUST,2023-05-31,42526969.63,Services from other NHS bodies,post_covid,0,0.0847764280186315,supplier_txn_seq,2.3150049445496674
229377,NHS_England,NHS England,SHEFFIELD TEACHING HOSPITALS NHS FOUNDATION TRUST,2024-12-31,11979833.33,Services from other NHS bodies,post_covid,0,0.08477226920514969,supplier_txn_seq,3.0230461798880275
262121,NHS_England,NHS England,UNIVERSITY COLLEGE LONDON HOSPITALS NHS FOUNDATION TRUST,2022-02-28,40876300.0,Services from other NHS bodies,post_covid,0,0.08468587705280983,amount_zscore_category,1.9965474839493265
217684,NHS_England,NHS England,ROYAL FREE LONDON NHS FOUNDATION TRUST,2022-01-31,29329400.0,Services from other NHS bodies,covid,0,0.08465025708825458,log_amount,2.0115900938174804
62854,NHS_England,NHS England,BOOTS UK LTD,2022-01-31,1310874.0,Supplies and services – general,covid,0,0.08463004671575358,days_since_last_txn,3.6550519212285115
118878,NHS_England,NHS England,GUYS & ST THOMAS HOSPITAL NHS FOUNDATION TRUST,2024-07-31,17958640.47,Education and training,post_covid,0,0.08456078929754274,supplier_txn_seq,3.8576111974927327
118950,NHS_England,NHS England,GUYS & ST THOMAS HOSPITAL NHS FOUNDATION TRUST,2024-09-30,6264620.58,Services from other NHS bodies,post_covid,0,0.08454697030303882,supplier_txn_seq,3.752863530332045
211365,NHS_England,NHS England,RAMSAY HEALTH CARE UK OPERATIONS LTD,2022-02-28,2836079.0,Purchase of healthcare from non-NHS bodies,post_covid,0,0.08452103724139326,days_since_last_txn,2.859530930476147
198291,NHS_England,NHS England,OXFORD UNIVERSITY HOSPITALS NHS FOUNDATION TRUST,2023-02-28,37129227.85,Services from other NHS bodies,post_covid,0,0.08440521617974617,supplier_txn_seq,2.344343476966145
155159,NHS_England,NHS England,MANCHESTER UNIVERSITY NHS FOUNDATION TRUST,2024-07-31,14920136.0,Services from other NHS bodies,post_covid,0,0.08428326450367019,supplier_txn_seq,3.874671660108574
145082,NHS_England,NHS England,LEEDS TEACHING HOSPITALS NHS TRUST,2023-01-31,36660779.73,Services from other NHS bodies,post_covid,0,0.08427977694012379,supplier_txn_seq,2.148058255713846
139032,NHS_England,NHS England,KING`S COLLEGE HOSPITAL NHS FOUNDATION TRUST,2023-02-28,28568710.66,Services from other NHS bodies,post_covid,0,0.08425042117442683,supplier_txn_seq,2.4353251800543414
131700,NHS_England,NHS England,IMPERIAL COLLEGE HEALTHCARE NHS TRUST,2024-04-30,21928209.83,Services from other NHS bodies,post_covid,0,0.08417304471038245,supplier_txn_seq,2.939954075630691
