date,observed,trend,seasonal,resid
2019-01-01,1862089525.0496302,1926820597.3111987,-57359802.21249972,-7371270.049068928
2019-02-01,1642749717.763154,1934896708.451811,-305737292.31239194,13590301.623734951
2019-03-01,2085990842.9584978,1943018730.2505462,158711284.86009276,-15739172.152141333
2019-04-01,2039091340.6100593,1951200696.2330687,80853431.7458276,7037212.631162882
2019-05-01,2270068574.495111,1959464372.0086834,300705281.65438926,9898920.832038164
2019-06-01,1892859006.2635775,1967831894.505876,-88265675.1779899,13292786.935691357
2019-07-01,2280574742.5084825,1976320504.7919455,300357316.38012034,3896921.3364167213
2019-08-01,1673484200.5453904,1984939143.8753457,-308008476.32677054,-3446467.0031847954
2019-09-01,2046919390.9193065,1993690675.6740859,61480386.19533636,-8251670.950115681
2019-10-01,1983987352.065216,2002589488.2683215,-3774331.2371225534,-14827804.965982914
2019-11-01,2059842288.3442233,2011755874.1674168,71397734.38512914,-23311320.208322763
2019-12-01,1868726490.49,2021763214.5124967,-131951141.7241843,-21085582.298312426
2020-01-01,1973015350.99,2038386489.4712734,-64856346.032280736,-514792.4489927292
2020-02-01,1666390368.566334,2061194420.8666136,-178292278.91990805,-216511773.38037157
2020-03-01,2278851702.152175,2087388395.867806,192631042.0544274,-1167735.7700583935
2020-04-01,3440707062.193976,2115254457.6515002,-92915087.07212354,1418367691.6145992
2020-05-01,3938188679.7674065,2142718324.362968,78827234.70558792,1716643120.6988506
2020-06-01,3094861577.183776,2168930283.8611937,-169969788.8156928,1095901082.1382751
2020-07-01,2931463762.63,2192608446.3153586,403070933.0933228,335784383.2213187
2020-08-01,2968418335.292432,2214442714.5617237,-247103387.64922252,1001079008.3799305
2020-09-01,2952422870.677831,2236834239.64034,6942088.39262735,708646542.6448641
2020-10-01,2538774630.8264074,2261926790.691455,269214446.9522125,7633393.1827402115
2020-11-01,1942645895.943122,2289054155.2195463,12507825.094783274,-358916084.3712077
2020-12-01,2825945482.41,2313970723.3799076,-131319229.82012351,643293988.8502159
2021-01-01,2285471376.267195,2332073520.098112,-87693498.11584939,41091354.28493261
2021-02-01,2966339841.99,2343936891.805745,-49083669.46307379,671486619.6473284
2021-03-01,2629442672.472062,2356499733.2308445,222885505.64203978,50057433.59917784
2021-04-01,2082749222.6808052,2370885413.0575595,-266316229.3561047,-21819961.020649433
2021-05-01,2204463683.9718976,2385422504.0254717,-144178160.08936065,-36780659.96421337
2021-06-01,2088545436.31,2398504785.8898926,-255015422.54838735,-54943927.03150511
2021-07-01,2244200879.77,2409685100.1481,498232945.6682492,-663717166.046349
2021-08-01,2669215375.133967,2418775842.099407,-196641244.21168077,447080777.2462406
2021-09-01,2389120196.85271,2426246050.9755406,-62116554.03158871,24990699.908757687
2021-10-01,2332625184.2554703,2433275549.893599,515355950.9476095,-616006316.5857382
2021-11-01,2458292510.791452,2440555625.3299837,-68866712.14917307,86603597.61064148
2021-12-01,2342030745.5383124,2448467508.0103617,-157702138.17663273,51265375.704583645
2022-01-01,2584777211.436982,2456917392.453098,-158664456.08973822,286524275.0736227
2022-02-01,2513525001.42522,2464606942.713367,53556066.73749414,-4638008.0256409645
2022-03-01,2643897580.5437346,2469951349.6327205,197796211.1900387,-23849980.2790246
2022-04-01,2106362016.2008348,2473025116.412403,-72287761.6918116,-294375338.5197568
2022-05-01,2090063945.243246,2475442112.085135,-346536242.9258267,-38841923.916062355
2022-06-01,2140920796.24,2479079769.8942943,-335197004.829318,-2961968.8249764442
2022-07-01,2434333411.056,2484414599.7551694,605743987.0866263,-655825175.7857955
2022-08-01,2372919245.12,2491797812.808909,-113967090.34222262,-4911477.346686363
2022-09-01,2296053135.496791,2501976004.19141,-171899151.0467368,-34023717.64788246
2022-10-01,2266847063.3794727,2516901519.9368315,696005703.2244204,-946060159.7817793
2022-11-01,2293791102.9467974,2537771268.3314233,-171207353.8269981,-72772811.55762768
2022-12-01,2340953815.602034,2563576379.919329,-232629480.93412012,10006916.616825104
2023-01-01,2282707229.1210065,2592241742.273867,-228423815.91503873,-81110697.23782206
2023-02-01,2381741505.175136,2621108857.3436027,284115938.14701355,-523483290.31548023
2023-03-01,2813819774.3861694,2649261232.4606905,163310538.08090198,1248003.8445768356
2023-04-01,3185897525.811434,2677275676.5204883,134968856.50014666,373652992.79079866
2023-05-01,2666595072.359276,2705113982.508771,-469289517.6565208,430770607.5070257
2023-06-01,5600549569.7548,2732397022.436446,-346235994.65138656,3214388541.96974
2023-07-01,3413034107.447683,2759314933.843898,643243971.9018977,10475201.70188713
2023-08-01,2476697420.6,2785586477.211979,-367109992.9223304,58220936.31035137
2023-09-01,2637476950.420467,2810781103.2497587,-289014199.60739,115710046.7780981
2023-10-01,3805245492.829541,2832179157.237818,881970934.9374079,91095400.65431547
2023-11-01,2559820513.883657,2846453048.766761,-222713929.303875,-63918605.57922888
2023-12-01,2549438646.8386593,2853208096.2516174,-360387800.4830692,56618351.070111275
2024-01-01,2637803266.920274,2854556042.2220273,-278098411.43723166,61345636.13547802
2024-02-01,3394847864.3662324,2849752912.371653,538298818.6138096,6796133.38076973
2024-03-01,3010487846.3,2844312091.478756,148225508.48288402,17950246.33836031
2024-04-01,3203259116.425759,2838563916.6336193,359090469.8028519,5604729.989287376
2024-05-01,2271962420.634387,2832557521.213779,-576791172.5218973,16196071.94250536
2024-06-01,2487261649.184088,2826300426.4952536,-346303377.9801375,7264600.668972015
2024-07-01,3512373292.8133993,2819795568.941473,688422617.0764713,4155106.795454979
2024-08-01,2172418322.648582,2813048322.600425,-623404757.9949807,-17225241.956861973
2024-09-01,2378650303.69,2806068882.8196306,-400766815.8454819,-26651763.284148693
2024-10-01,3817911559.68188,2798879221.8693056,1060216317.5842408,-41183979.77166653
2024-11-01,2603507102.79132,2791517464.696081,-258889072.0849755,70878710.1802144
2024-12-01,2267827440.16586,2784030021.9910126,-490324552.36342627,-25878029.46172619
