category,total_spend,n_transactions,n_periods_active,mean_anomaly_rate_pct,mean_new_supplier_rate_pct,mean_hhi,share_of_total_spend_pct,pct_change_pre_to_covid,pct_change_covid_to_post
Services from other NHS bodies,147138492978.55035,125499.0,3.0,2.102,0.086,131.6,79.4131,102.61486325107694,62.85704780099911
Purchase of healthcare from non-NHS bodies,9828199252.781666,28909.0,3.0,1.411,1.657,611.5,5.3044,189.91731466745043,-44.407299926923
Education and training,8372464160.296951,7120.0,3.0,2.795,5.674,153.7,4.5188,45.71507710153657,23900.11756278388
Supplies and services – general,5258553840.7422495,18209.0,3.0,0.664,3.756,545.4,2.8381,213.221564724107,103.54869229246466
Supplies and services – clinical,2880628431.4100003,7094.0,3.0,0.254,0.719,158.5,1.5547,884.8741886876768,-74.75881853364854
GPMS/APMS and PCTMS,2828120161.6699996,27809.0,3.0,1.276,7.07,52.5,1.5264,233.411163821422,-52.96033237612121
Establishment,1980382647.9009771,9885.0,3.0,0.364,4.593,314.2,1.0688,220.438349668344,171.75781848016402
Capital,1484107606.38,5763.0,3.0,0.833,6.646,117.7,0.801,119.69901703380135,28.251230902903195
Other professional fees,656164539.2085,3059.0,3.0,0.36,5.099,1034.3,0.3541,506.7587727565672,58.97819012852398
Premises,407608452.97,3323.0,3.0,0.421,1.354,2895.4,0.22,138.4533530469612,3.885250125841006
Supplies and services - general,379280365.54,658.0,1.0,0.304,8.967,120.5,0.2047,,-100.0
Consultancy services,328305231.453748,1821.0,3.0,0.714,8.676,847.8,0.1772,215.43228243850425,632.6432207307776
Grants to Other public bodies,321894080.02,328.0,3.0,4.878,4.878,4035.1,0.1737,875.7658979835272,-8.601693030804128
General Opthalmic services,312705916.98,8224.0,3.0,14.093,1.812,6343.6,0.1688,102.03838412839134,-36.01610387433708
PAYE,259989169.99,119.0,2.0,0.0,0.0,10000.0,0.1403,59.36853863361421,-100.0
General Dental services and personal dental services,187061875.94,1250.0,3.0,0.64,1.04,517.3,0.101,-62.9118765118871,-43.13125851422617
Paye - Trust,165015294.12,30.0,2.0,0.0,0.0,10000.0,0.0891,,1190.819378753904
Drugs,118830247.77,1868.0,3.0,0.054,0.642,1584.8,0.0641,369.9278045392184,57.94485436842396
Ulht Balance Sheet,107661335.63,269.0,1.0,0.0,5.576,4631.3,0.0581,,
National Insurance - Ers,103554362.97999996,31.0,2.0,0.0,3.225,9951.5,0.0559,,1073.1119147927525
NonNHS Trade Pybls Curr,82662326.28,808.0,3.0,0.0,0.247,5517.8,0.0446,-48.56620783434446,309.98710896184696
Investments Govt Security,81500000.0,4.0,1.0,0.0,0.0,5031.8,0.044,-100.0,
CNST - NHS Resolution,81081998.7,48.0,3.0,0.0,2.083,9623.9,0.0438,993.295148583138,47.012784707665645
Laboratory External Tests,80619449.64,262.0,3.0,0.0,0.382,4217.7,0.0435,134.06567733092191,153.5744318880353
Transport,80270427.32000001,212.0,3.0,0.472,1.887,9497.0,0.0433,69.8631468604619,24.50828360860553
NonRes Bldg Additions,75670073.99000001,449.0,3.0,1.114,12.026,2455.6,0.0408,904.8643893443046,108.4133991927801
Supply Chain Control<1yr,69370612.49000001,227.0,2.0,0.0,0.0,8529.4,0.0374,,1437.8785082976465
CNST CONTRIBUTIONS,64991036.80000001,80.0,2.0,0.0,1.25,9160.0,0.0351,59.16768137496431,-100.0
Legal Fees Employment,57857180.8,25.0,1.0,0.0,0.0,10000.0,0.0312,,
Computer Software/License,57109579.07731741,521.0,3.0,1.535,4.414,3529.8,0.0308,633.1769957585044,1209.9147290431915
National Insurance - Ees,56579265.25,30.0,2.0,3.334,0.0,10000.0,0.0305,,847.8153842434006
Pharmaceutical services,53842413.47,351.0,3.0,0.57,1.709,1586.2,0.0291,58.32578335659111,118.1485909732915
Med Equip Additions,43897081.56955775,592.0,3.0,2.365,8.952,751.9,0.0237,339.0020079748508,245.68665300636363
Building Works - Auc Pur,43633880.24,119.0,2.0,0.84,5.882,4081.1,0.0235,,1186.2072351003246
Other Liabilities - Curr,40737071.55,405.0,3.0,0.0,0.494,7527.1,0.022,37.93323042802231,76.85408867113327
RESUS STOCK CONSUMABLES,36842056.96,114.0,2.0,0.0,0.0,8886.7,0.0199,184.4439974239725,-100.0
Pharmacy Contract,35020863.23,29.0,1.0,0.0,0.0,7482.4,0.0189,,
Blood Products,29537685.770000003,284.0,3.0,0.352,1.761,3224.2,0.0159,95.16460607221362,122.49465623039455
PATHOLOGY SERVICES,29512632.259999998,38.0,2.0,0.0,0.0,10000.0,0.0159,43.89952812865423,-100.0
Services Received - NHSTs,25049308.4,372.0,3.0,0.269,0.269,2987.0,0.0135,203.35753134357324,140.75801281826296
Equipment Medical - Auc Pur,24083386.1,148.0,2.0,0.675,15.541,897.3,0.013,,23547.894840016128
Outsource Service From Non Nhs,23255083.68,201.0,2.0,0.497,1.492,3365.6,0.0126,,1784.560141812548
LLOYDS PHARMACY,22967251.73,23.0,2.0,0.0,0.0,10000.0,0.0124,-9.085335298020745,-100.0
Electricity,21473314.51,205.0,3.0,0.0,0.488,5595.4,0.0116,355.79056210023305,83.82102870960098
Engineering Services - Auc Pur,20876955.160000004,121.0,2.0,0.0,9.091,2036.9,0.0113,,3407.6623685272784
IT Additions,20400040.73,509.0,3.0,0.786,2.554,2538.8,0.011,943.931339570516,73.63017854954904
Ascribe Control: Lincoln,19822466.67,431.0,2.0,0.232,0.928,1418.4,0.0107,,3039.002983449888
Grants Research Exp,18571486.4188,308.0,3.0,0.649,8.117,1678.5,0.01,165.17427389612033,98.25376356301877
Commercial Sector,18243601.439999998,357.0,3.0,0.28,0.84,3055.1,0.0098,189.84047936894595,1047.6486591653045
Contr Other External,18168712.759999998,323.0,3.0,1.857,2.476,1945.6,0.0098,9.034551157627362,84.39416906667586
Agency Nursing Registered,17783749.18,151.0,2.0,0.0,0.662,7118.4,0.0096,,639.1536881685735
Gas,17676219.580000002,212.0,3.0,0.0,0.943,8367.7,0.0095,-12.744663565880249,1069.9299433898914
CTRL Prepayments <1Yr,17145906.66,74.0,3.0,0.0,0.0,10000.0,0.0093,256.60169824614394,213.14230826395607
Rates,16224230.27,207.0,3.0,0.483,0.483,4896.8,0.0088,59.45822778707039,208.98189945530905
STRUCTURE,16088164.559999999,100.0,2.0,0.0,3.0,3506.9,0.0087,-82.75648760992044,-100.0
National Insurance - Curr,15882034.72,4.0,1.0,0.0,0.0,10000.0,0.0086,,
CompSwrPrch Additions,15640356.6,166.0,3.0,1.205,9.036,1640.5,0.0084,2259.783008784126,328.4258611924089
QUALIFIED AGENCY INVOICES,15551349.42,348.0,2.0,0.0,2.586,2462.3,0.0084,881.3896145816802,-100.0
Med & Surg Equip General,14937757.989999998,476.0,3.0,1.471,5.672,1617.7,0.0081,2054.816577806684,20.341295575689223
Computer Maintenance,14926112.870000001,372.0,3.0,1.613,4.032,1560.2,0.0081,44.492159410618726,-16.656563110073293
EQUIPMENT,14429738.77,87.0,1.0,0.0,26.437,1176.3,0.0078,,-100.0
Income tax - Current,13237068.27,4.0,1.0,25.0,25.0,10000.0,0.0071,,
Computer Hardware - Auc Pur,13230884.390000002,116.0,2.0,0.862,3.449,2715.5,0.0071,,1718.9601709236863
Consultants Fees - Auc Pur,13046745.33,42.0,2.0,0.0,28.572,8055.7,0.007,,4909.75428718398
CNST contributions,12746546.9,9.0,1.0,0.0,0.0,8166.6,0.0069,-100.0,
Computer Softw - Auc Pur,12539972.280000003,55.0,2.0,1.818,21.818,2455.9,0.0068,,1887.2829905418412
Paye - Holt,12261918.629999999,30.0,2.0,0.0,0.0,10000.0,0.0066,,781.1122265093516
ENGINEERING SERVICES,12206626.110000001,97.0,2.0,1.031,12.371,2199.7,0.0066,326.667654768654,-100.0
Building Works,12098610.049999999,84.0,2.0,0.0,8.333,2147.7,0.0065,,-93.28873348947802
AGENCY OTHER STT QUALIFIED,11625036.77,22.0,1.0,0.0,0.0,10000.0,0.0063,,-100.0
Outpatients Pharmacies,10701741.21,19.0,1.0,0.0,0.0,10000.0,0.0058,,
Lease Charges,10620567.170000002,205.0,3.0,0.0,0.0,5065.9,0.0057,38.63084572374039,74.93655957270221
Nurse Bank Recharges,10167506.68,53.0,1.0,0.0,1.887,7890.7,0.0055,,
Minor Works,9778987.8817059,102.0,3.0,0.0,8.823,7640.8,0.0053,93.92182636726648,242.16895523276017
Other NHS Payables <1Yr,9309850.059999999,134.0,3.0,0.746,0.746,8435.5,0.005,306.5373274008824,-7.394091739584137
Other Clinical Costs,9151547.84,26.0,2.0,0.0,3.846,9534.4,0.0049,,726.7211911872076
Clinical Equip Maint Contracts,8960121.08,59.0,1.0,0.0,3.39,3185.0,0.0048,,
PHARMACY PILGRIM,8955764.07,242.0,2.0,0.413,1.239,3899.0,0.0048,12.254122297065056,-100.0
Creditor Suspense,7825777.52,50.0,1.0,2.0,8.0,1001.8,0.0042,,
EQUIPMENT >5K,7819127.389999999,70.0,2.0,2.857,21.428,1318.3,0.0042,186.5544020035323,-100.0
PHARMACY,7724646.859999999,221.0,2.0,0.905,2.715,1759.4,0.0042,124.8037180267892,-100.0
Ext Contr Laundry,7378290.129999999,107.0,3.0,0.0,0.935,8528.4,0.004,22.84934072781016,120.2688871132221
Room Hire (Non-Ifrs 16),7213967.609999999,75.0,2.0,0.0,1.333,5156.3,0.0039,,3909.358653491444
Diag Tests Non Nhs,6857234.0,99.0,1.0,1.01,1.01,7091.4,0.0037,,
X-Ray Equip Maint/Repair,6746551.630000001,155.0,2.0,1.29,1.29,3672.6,0.0036,,345.15549717336233
External Consultancy Fees,6586930.42,210.0,3.0,0.476,7.619,3730.6,0.0036,-15.753726633212189,203.4182139798901
Pathlinks,6527012.22,11.0,1.0,0.0,0.0,10000.0,0.0035,,
Other Research Exp,6499697.3100000005,78.0,1.0,0.0,5.128,1162.7,0.0035,,
GP SPECIALIST TRAINEE,6341172.28,49.0,2.0,0.0,0.0,10000.0,0.0034,149.2868160197299,-100.0
Med & Surg Maint Contract,6318893.97,104.0,3.0,0.961,2.885,4285.5,0.0034,72.27319797009103,5.887568410681487
Gp Specialist Trainee,6294322.23,34.0,2.0,0.0,2.941,5521.7,0.0034,,1058.864446
Fuel - Steam,6284947.69,97.0,2.0,0.0,1.031,3124.0,0.0034,,682.8182887366858
RATES,6102547.1,12.0,2.0,8.333,8.333,3770.2,0.0033,28.61709062618721,-100.0
COMPUTER HARDWARE,6080711.66,91.0,2.0,0.0,8.791,3031.5,0.0033,139.89750226486106,-100.0
Pharmacy,5960881.49,124.0,1.0,0.806,0.806,1341.5,0.0032,,
Pharmacy Dispensing Costs,5887493.5600000005,9.0,1.0,0.0,11.111,9419.1,0.0032,,
SrvcsRecd-FoundationTrust,5863507.04,59.0,3.0,0.0,1.695,3044.4,0.0032,508.2590538043521,159.3487992760759
ELECTRICITY,5757648.27,89.0,2.0,0.0,0.0,9730.6,0.0031,10.732928294396087,-100.0
CLINICAL SERVICES FROM NON-NHS,5325902.140000001,29.0,1.0,0.0,0.0,7475.6,0.0029,,-100.0
External Contracts,5103137.179999999,89.0,2.0,1.124,4.494,2693.5,0.0028,,4749.025995216748
FUEL - STEAM,5014953.050000001,104.0,2.0,0.0,0.0,5237.9,0.0027,38.25943435188937,-100.0
Appentice Levy - Trust,4928837.12,30.0,2.0,0.0,0.0,10000.0,0.0027,,1060.462548013728
SERVICES FROM NON-NHS BODIES,4858751.340000001,29.0,2.0,0.0,0.0,7753.6,0.0026,-49.30589718346807,-100.0
National Ins Holt Drs- Ers,4840427.33,30.0,2.0,0.0,0.0,10000.0,0.0026,,737.6519830673453
Cnst Contributions,4699580.0,6.0,1.0,0.0,0.0,10000.0,0.0025,,-100.0
Purch Tang FA AUC Addns,4596301.25,28.0,2.0,0.0,0.0,7980.2,0.0025,54.226398648998064,-100.0
Legal Services,4594523.7,5.0,1.0,0.0,20.0,9470.3,0.0025,,
Contr Refuse & Clin Waste,4547771.109999999,93.0,3.0,0.0,2.15,8692.4,0.0025,36.24461824197484,2.9162730001238306
Other Senior Nurse,4456382.58,19.0,1.0,0.0,0.0,10000.0,0.0024,,
Laundry Contract,4368179.7700000005,60.0,2.0,0.0,1.666,5652.2,0.0024,,1213.7232017350798
BLOOD PRODUCTS,4357180.9,56.0,2.0,0.0,0.0,10000.0,0.0024,137.06170086448986,-100.0
CPAP MACHINES,4301624.04,104.0,2.0,0.0,0.0,10000.0,0.0023,33.85205640219564,-100.0
CONSULTANCY DELIVERY,4182476.0900000003,66.0,2.0,0.0,12.121,3492.9,0.0023,154.0175979196902,-100.0
Independent Sector,3954832.9300000006,65.0,2.0,1.539,0.0,4679.0,0.0021,115.8902242845848,-100.0
Ascribe Control: Boston,3891921.12,83.0,2.0,0.0,2.41,3741.5,0.0021,,1105.025395195652
MAINTENANCE CONTRACTS AND MATS,3887851.0,33.0,2.0,0.0,18.182,4159.5,0.0021,326.35344052103403,-100.0
Excluded Devices Expenditure,3774290.34,47.0,2.0,0.0,2.128,5902.3,0.002,,570.6026042853518
Bed Hire,3638619.270000001,25.0,1.0,0.0,0.0,10000.0,0.002,,
Long Trm Loans - Non-Curr,3552000.0,5.0,1.0,0.0,0.0,10000.0,0.0019,-100.0,
NI ERS,3438995.86,17.0,2.0,0.0,0.0,10000.0,0.0019,-76.34823205894375,-100.0
Med & Surg Equip Hire,3380156.27,68.0,3.0,0.0,2.941,6389.6,0.0018,165.0090443662711,80.00831413819543
Miscellaneous Expenditure,3331703.1899999995,36.0,3.0,2.778,19.445,1997.9,0.0018,368.2031899215913,39.92293165406271
Research and development (excluding staff costs),3278179.89,35.0,3.0,0.0,11.428,2268.7,0.0018,151.9364420053603,515.1562207132215
Equip Maint Contracts,3266386.55,116.0,3.0,0.0,0.862,7584.6,0.0018,-29.748788099453893,11.13064455136812
Med & Surg Equip Disp,3248349.9399999995,108.0,3.0,0.926,2.778,4284.3,0.0018,105.9060220241624,168.11862267575285
Head Of Governance,3207767.6,2.0,1.0,0.0,0.0,10000.0,0.0017,,
CLINICAL SERVICE CONTRACT,3055179.86,65.0,2.0,0.0,4.615,4306.5,0.0016,196.04849831982267,-100.0
Lincoln  Obstetrics Ip,3025332.68,3.0,1.0,0.0,0.0,10000.0,0.0016,,
EXTERNAL LAUNDRY CONTRACT,2985021.45,66.0,2.0,0.0,0.0,10000.0,0.0016,63.12964985205655,-100.0
Postage & Carriage,2982289.1500000004,82.0,3.0,1.219,1.219,4610.1,0.0016,42.4662684309656,660.2844848065291
MSSE CONSUMABLES,2946524.06,65.0,2.0,3.077,9.231,2305.0,0.0016,1288.6741995542752,-100.0
Agency Nursing Qualified,2937187.47,2073.0,3.0,9.069,0.145,8040.5,0.0016,154.97132006976167,-11.420426739039613
HIRE OF CLINICAL EQUIPMENT,2916124.79,25.0,2.0,0.0,0.0,10000.0,0.0016,222.6148009485412,-100.0
MINOR CLINICAL EQUIPMENT,2858404.2300000004,45.0,2.0,0.0,24.444,3252.4,0.0015,271.3605410071191,-100.0
Student Loan - Trust,2700878.25,27.0,2.0,0.0,0.0,10000.0,0.0015,,1014.6585221063424
Dividend Payment,2674000.0,1.0,1.0,0.0,0.0,10000.0,0.0014,-100.0,
Clinical Service Contract,2671649.95,50.0,2.0,2.0,4.0,2661.9,0.0014,,543.8415244022567
Equipment Other - Auc Pur,2605000.2799999993,28.0,2.0,3.572,50.0,1417.4,0.0014,,-20.08131674382413
Lincoln Utilities/Waste,2502069.24,19.0,1.0,0.0,0.0,4514.3,0.0014,,
Professional Fees,2490559.12,48.0,3.0,0.0,8.334,3756.2,0.0013,217.36663321625693,260.6869564626234
XRAY MAINTENANCE,2473915.41,45.0,2.0,0.0,4.445,7090.6,0.0013,189.98046499934912,-100.0
Financial Ledger System,2469417.5799999996,12.0,2.0,0.0,0.0,7642.4,0.0013,,4245.652278799138
WAN USAGE,2399762.09,35.0,2.0,0.0,0.0,5771.9,0.0013,-70.7682787258307,-100.0
RENTS,2362658.3600000003,35.0,2.0,0.0,0.0,6191.0,0.0013,-12.625308290015006,-100.0
OTHER NURSING,2358500.7,21.0,2.0,0.0,0.0,10000.0,0.0013,366.9814115734274,-100.0
EXTERNAL CONTRACTS,2304442.25,60.0,2.0,0.0,6.667,3128.9,0.0012,65.81119992558718,-100.0
X-Ray Equipment Purchase,2246719.05,119.0,3.0,0.84,4.202,2383.2,0.0012,-15.609943918311354,395.1431909700189
Bostonian Other,2208294.73,32.0,1.0,0.0,0.0,10000.0,0.0012,,
PROPERTY LEASE,2185534.99,19.0,2.0,0.0,0.0,8914.5,0.0012,-66.67542977254271,-100.0
SERVICE AND FM CHARGES,2184803.86,39.0,1.0,0.0,0.0,4985.1,0.0012,,-100.0
Water & Sewage,2183050.31,30.0,2.0,0.0,0.0,10000.0,0.0012,,8517.496566791138
Medical Record Storage,2120256.97,30.0,2.0,0.0,0.0,10000.0,0.0011,,3656.454285456527
Computer Hardware Purch,2089882.5100000005,49.0,3.0,2.041,6.123,5684.0,0.0011,908.8574438824376,577.7256458673108
SUBSCRIPTION  FEES,2000741.8900000001,9.0,2.0,0.0,22.222,5337.9,0.0011,-4.644662163612263,-100.0
Services Received – CCGs,2000000.0,2.0,1.0,0.0,0.0,10000.0,0.0011,,-100.0
External Consultancy Delivery,1967005.18,14.0,1.0,0.0,28.571,3112.0,0.0011,,
Rchrg : Rcvd - Pathology,1957213.5,35.0,1.0,0.0,0.0,10000.0,0.0011,,
Rowlands Dispensing Costs,1877240.04,20.0,1.0,0.0,0.0,10000.0,0.001,,
Insurance Costs,1847452.44,13.0,3.0,7.692,7.692,9660.7,0.001,-44.66742352115746,129.7928790059961
Decontamination,1825794.22,5.0,1.0,0.0,0.0,10000.0,0.001,,
NHS Litigation Authority,1794998.4,1.0,1.0,0.0,0.0,10000.0,0.001,,
Medical Education General,1750000.0,7.0,1.0,0.0,0.0,10000.0,0.0009,,
CONSULTANTS FEES,1726560.15,36.0,2.0,0.0,8.333,3484.9,0.0009,5.984080639773226,-100.0
Property Lease,1696917.6500000004,27.0,1.0,3.704,11.111,4446.7,0.0009,,
Consultant,1628966.4700000002,33.0,3.0,0.0,0.0,5717.2,0.0009,-41.517306795200525,84.60841871192441
BUILD MAINT EXT CONTRACTS,1617250.4300000002,18.0,2.0,0.0,11.111,3535.3,0.0009,856.0552681292434,-100.0
Med & Surg Equip Leases,1602683.9700000002,45.0,3.0,0.0,0.0,7589.8,0.0009,-75.25232796917777,1862.238065706517
CNST - NHS ResolutioNHS Litigation Authority,1583448.0,1.0,1.0,0.0,0.0,10000.0,0.0009,,
DIAGNOSTIC TESTS NON NHS,1508593.84,33.0,2.0,0.0,6.061,3540.3,0.0008,1206.5487296629526,-100.0
Finance Department,1446360.88,16.0,1.0,0.0,18.75,1949.2,0.0008,,
SW SUPPORT,1442793.55,16.0,2.0,0.0,12.5,8172.5,0.0008,110.84738111741945,-100.0
Ea Subs & Ict Capital Staffing,1425737.91,2.0,1.0,0.0,0.0,10000.0,0.0008,,
Chief Operating Officer,1358602.01,9.0,1.0,0.0,22.222,7151.3,0.0007,,
Bank Consultant,1350959.6600000001,25.0,2.0,0.0,0.0,4848.2,0.0007,,1740.802547972009
Services from Local Auth,1341974.69,8.0,3.0,0.0,0.0,8379.2,0.0007,170.04215029761906,132.72327002522337
POSTAGE,1308165.45,35.0,2.0,0.0,2.857,9690.4,0.0007,167.4506448111745,-100.0
WATER AND SEWERAGE,1303340.14,34.0,2.0,0.0,0.0,10000.0,0.0007,50.10017035186704,-100.0
COMPUTER PURCHASE ACCESSORIES,1303301.2999999998,13.0,2.0,0.0,23.077,5170.4,0.0007,-5.416797982452037,-100.0
Progress Housing Rents,1298726.0199999998,26.0,1.0,0.0,0.0,10000.0,0.0007,,
National Ins Holt Drs- Ees,1278984.0899999999,30.0,2.0,0.0,0.0,10000.0,0.0007,,566.1103601991432
COMP SOFTWARE LICENCE FEES,1271597.8599999999,16.0,2.0,6.25,31.25,4186.2,0.0007,1109.6885807446615,-100.0
Nhs Subcontracted Services,1256928.42,6.0,1.0,0.0,0.0,10000.0,0.0007,,
OTHER AMBULANCE SERVICES,1255461.48,18.0,2.0,0.0,5.556,8920.0,0.0007,-70.55249580589592,-100.0
Recruitment Agency Fees,1239169.37,29.0,2.0,3.448,13.793,4100.2,0.0007,,573.8410348094067
Services Received - CCG's,1232000.0,1.0,1.0,0.0,0.0,10000.0,0.0007,,
MEDICAL RECORD STORAGE,1231640.73,29.0,2.0,0.0,0.0,10000.0,0.0007,100.33981707091068,-100.0
FINANCIAL LEDGER,1169076.67,9.0,2.0,0.0,11.111,7947.4,0.0006,353.6059879476185,-100.0
Agency M&D Consultant,1160807.04,31.0,1.0,0.0,0.0,4581.1,0.0006,,
Provisions,1157139.8300000003,28.0,3.0,7.143,14.286,4031.5,0.0006,93.6198793607035,76.68359633162473
Progress Living,1126955.07,9.0,1.0,0.0,0.0,10000.0,0.0006,,
Pacemakers,1094662.8,42.0,3.0,0.0,2.381,8834.4,0.0006,-2.471305571225339,-92.32148330111004
Propco Leases,1089861.2,19.0,1.0,0.0,0.0,10000.0,0.0006,,
NI EES,1081781.4100000001,17.0,2.0,0.0,0.0,10000.0,0.0006,-74.45761753042774,-100.0
"Books, Journals & Subscr",1076173.7479024,41.0,3.0,4.878,7.317,2819.8,0.0006,68.7288344576832,117.69110226775614
Other Public Sector,1062670.0,28.0,3.0,0.0,7.143,8266.2,0.0006,20.0,378.7663551401869
Lincoln Clinical Eng Parts,1060756.04,7.0,1.0,0.0,14.286,5761.4,0.0006,,
COURSE FEES,1041004.64,15.0,2.0,0.0,46.667,2538.6,0.0006,181.80147878645624,-100.0
Audit Fees: Internal,1035393.0,20.0,3.0,0.0,5.0,9195.1,0.0006,193.99803387779795,32.302595535298614
Payroll Services Contract,1034812.4500000002,24.0,2.0,0.0,0.0,10000.0,0.0006,,1259.6751260414592
Subscription Fees,1012493.39,8.0,2.0,12.5,0.0,4281.2,0.0005,,1320.2603453453455
Contractual Clinical Srv,1009364.0,24.0,1.0,0.0,4.167,8857.1,0.0005,,
Senior Manager band 8,986705.52,8.0,1.0,0.0,0.0,10000.0,0.0005,,
AUC Additions,982933.19,11.0,3.0,0.0,9.091,6297.9,0.0005,23.952759276498483,-84.23380076939388
EXCLUDED DEVICES,981487.92,25.0,2.0,0.0,8.0,7109.6,0.0005,-13.110408151327483,-100.0
Computer Hardware,947379.78,13.0,1.0,0.0,15.385,1972.6,0.0005,,
Phone Install & Maintenance,915252.04,2.0,1.0,0.0,0.0,10000.0,0.0005,,
Tissue Viability,907373.01,7.0,1.0,0.0,0.0,10000.0,0.0005,,
Clinical Waste,893674.2999999999,23.0,1.0,0.0,0.0,10000.0,0.0005,,
Blood Transfusion Contract,892350.78,12.0,1.0,0.0,0.0,5555.6,0.0005,,
Lincoln Radiology,884318.1699999999,20.0,1.0,0.0,0.0,3592.8,0.0005,,
Training Expenses,870794.3,13.0,2.0,7.692,23.077,4245.6,0.0005,,13.691852760736191
AGENCY HCA  OTHER SUPP STAFF,861297.04,22.0,1.0,0.0,4.545,5679.5,0.0005,,-100.0
Mri Lch,834029.92,13.0,1.0,0.0,0.0,8205.2,0.0005,,
Non NHS Capitl Pybls Curr,833347.0,2.0,2.0,0.0,0.0,10000.0,0.0004,37.49996437558959,-100.0
Purch Hcare From Nhs And Dhsc,818753.65,20.0,2.0,5.0,5.0,4919.9,0.0004,,741.0627254733138
Building Contracts,801978.98,12.0,1.0,8.333,8.333,2971.8,0.0004,,
Contracting,799863.5399999999,7.0,1.0,0.0,0.0,10000.0,0.0004,,
ENGIN AND MAINT EXT CONTRACTS,793991.43,13.0,2.0,0.0,61.539,3162.3,0.0004,498.67380776495446,-100.0
Ambulance Services,781119.98,19.0,2.0,0.0,10.526,4432.4,0.0004,,353.5147250566893
System Maintenance Costs,748074.4099999999,9.0,1.0,0.0,11.111,2347.1,0.0004,,
Salary Finance Borrow,745318.73,25.0,1.0,0.0,0.0,10000.0,0.0004,,
Permanent Injury Benefits,744490.0,23.0,3.0,0.0,0.0,10000.0,0.0004,36.27904709610749,70.65752218486782
Course Fees,742676.0,14.0,2.0,7.143,42.857,2376.1,0.0004,,144.8792117534844
Sw Support,739142.3200000001,5.0,2.0,0.0,0.0,9060.5,0.0004,,546.9535116527577
Lincoln Site Maint Schemes,733028.62,10.0,1.0,0.0,10.0,3703.1,0.0004,,
Contr Photocopier Rental,730820.49,16.0,2.0,0.0,0.0,10000.0,0.0004,,486.00508143922985
Msse Consumables,691191.26,13.0,2.0,0.0,15.385,3131.2,0.0004,,71.04383154161893
DESKTOP HARD/W,687976.4500000001,11.0,1.0,0.0,9.091,3151.7,0.0004,,-100.0
Radiotherapy Physics,678336.3500000001,2.0,1.0,0.0,0.0,9126.5,0.0004,,
Legal Fees Other,660611.2000000001,13.0,1.0,0.0,0.0,8141.8,0.0004,,
Sewerage,653066.9600000001,39.0,3.0,2.564,2.564,10000.0,0.0004,95.92956169907312,168.7923456374089
Water,650966.91,42.0,3.0,0.0,0.0,10000.0,0.0004,140.2138556980468,132.83102633362637
Pilgrim Obstetrics Ip,619760.5900000001,5.0,1.0,0.0,0.0,6060.8,0.0003,,
Photographic Materials,619069.47,18.0,3.0,0.0,0.0,10000.0,0.0003,101.98601902926634,-93.14383572421735
OTHER TRANSPORT COSTS,611095.44,7.0,2.0,0.0,14.286,4126.9,0.0003,76.87932964164179,-100.0
Audit Fees: Statutory,605466.85,11.0,3.0,0.0,0.0,10000.0,0.0003,119.36687500000002,247.28302920458185
Packing & Storage,604267.86,8.0,1.0,0.0,12.5,10000.0,0.0003,,
RENTS LEASE,602823.7799999999,14.0,1.0,0.0,0.0,8876.9,0.0003,,-100.0
Senior Manager Band 8D,601138.88,6.0,2.0,0.0,0.0,10000.0,0.0003,-95.5190059683971,-100.0
Heating Oil,597671.71,18.0,1.0,0.0,0.0,10000.0,0.0003,,
Contract Photocopier Lease,584430.6,8.0,1.0,0.0,0.0,10000.0,0.0003,,
Miscellaneous - Auc Pur,557136.0800000001,5.0,1.0,0.0,0.0,5589.4,0.0003,,
Telecommunications,555128.5800000001,4.0,1.0,0.0,0.0,7088.0,0.0003,,
Internal Audit Fees,541840.5,12.0,1.0,0.0,8.333,4588.9,0.0003,,
TELEPHONES,523601.11,8.0,2.0,0.0,12.5,5833.6,0.0003,69.55564392001442,-100.0
Network Hard/W,516733.77,6.0,1.0,0.0,0.0,3029.8,0.0003,,
Diag Tests Other Nhs,513392.26000000007,13.0,1.0,0.0,0.0,7153.3,0.0003,,
Computer Recharges,502067.84,4.0,1.0,0.0,0.0,4966.0,0.0003,,
External Works - Auc Pur,493744.62,4.0,1.0,0.0,50.0,4466.6,0.0003,,
MEDICAL LOCUMS,490965.0,17.0,2.0,0.0,5.882,8982.9,0.0003,-60.59457387452617,-100.0
Rowlands dispensing costs,486644.34,6.0,1.0,0.0,0.0,10000.0,0.0003,,-100.0
LLOYDS PHARM DISPENSING COSTS,485507.0,7.0,2.0,0.0,0.0,10000.0,0.0003,-59.80728471849247,-100.0
Pilgrim Utilities/Waste,484806.36,9.0,1.0,0.0,0.0,5123.4,0.0003,,
Lincoln Linen,477973.46,7.0,1.0,0.0,0.0,10000.0,0.0003,,
Pilgrim Rates,469504.0,7.0,1.0,0.0,0.0,10000.0,0.0003,,
Interest Payable,464531.71,4.0,1.0,0.0,0.0,10000.0,0.0003,-100.0,
Lincoln Portering,458659.24,6.0,1.0,0.0,16.667,4057.0,0.0002,,
Radiology Services,447333.88,7.0,2.0,0.0,0.0,3744.1,0.0002,,875.1621033221508
National Qc & Accred Fees,447187.0,1.0,1.0,0.0,0.0,10000.0,0.0002,,
OCCUPANCY GUARANTEE,437120.23,13.0,2.0,0.0,0.0,10000.0,0.0002,173.4681487252048,-100.0
System Digital,436039.2,1.0,1.0,0.0,0.0,10000.0,0.0002,,
Cleaning Equipment,414223.99,21.0,3.0,4.762,9.524,6360.6,0.0002,5.085561698653055,-24.84989883188448
Surg Instruments General,412579.76,20.0,1.0,0.0,0.0,10000.0,0.0002,,
Other Gen Supplies & Srv,410481.24,6.0,3.0,0.0,0.0,5919.6,0.0002,-74.10002047362315,495.5009638683743
Bureau Soft/W,410184.13,3.0,1.0,0.0,33.333,10000.0,0.0002,,
Corporate Nursing,408372.0,1.0,1.0,0.0,0.0,10000.0,0.0002,,
CLINICAL SERVICES OTHER NHS,407743.75,13.0,1.0,0.0,0.0,5192.9,0.0002,,-100.0
PHOTOCOPIER MACHINES,400059.0,5.0,2.0,0.0,0.0,10000.0,0.0002,-31.25,-100.0
Clinical Equipment Hire,394314.12,3.0,1.0,0.0,0.0,10000.0,0.0002,,-100.0
EXTERNAL AUDIT,389638.8,10.0,2.0,0.0,10.0,6594.0,0.0002,154.96315893040645,-100.0
Agency Maint & Works,382657.36,4.0,1.0,0.0,0.0,10000.0,0.0002,,
Clinical Equipment,378489.9,6.0,1.0,16.667,16.667,2724.1,0.0002,,
SERVICES FROM OTHER NHS,377091.24,12.0,2.0,0.0,0.0,10000.0,0.0002,29.48800043817342,-100.0
Lincoln Rates,372243.2,6.0,1.0,0.0,0.0,10000.0,0.0002,,
Patients Appl: Purchase,371797.48,19.0,2.0,5.263,5.263,9712.1,0.0002,,144.2569259259259
X-Ray Film & Chemicals,370182.38,18.0,1.0,0.0,0.0,5558.9,0.0002,,
Visiting Consultants,369564.79,7.0,1.0,0.0,14.286,4294.2,0.0002,,
Contr Estate Management,367709.97000000003,10.0,2.0,0.0,0.0,10000.0,0.0002,,-82.93249119176046
Software  Lice Intang Additions,366794.29,2.0,1.0,0.0,0.0,10000.0,0.0002,,
INTERNAL AUDIT,365579.2,9.0,2.0,11.111,11.111,8898.2,0.0002,104.1171283587056,-100.0
Int Recover Bus Activities Inp,353037.54000000004,3.0,1.0,33.333,0.0,10000.0,0.0002,,
NETWORK SOFT/W,350001.76,4.0,2.0,0.0,25.0,10000.0,0.0002,194.84974125062496,-100.0
Audit Fees Statutory,345912.0,6.0,1.0,0.0,0.0,10000.0,0.0002,,
Contr Premises Security,338414.14,4.0,2.0,0.0,25.0,10000.0,0.0002,-100.0,
Pilgrim Linen,337869.35,6.0,1.0,0.0,0.0,10000.0,0.0002,,
Pacs/Emrad Project,334338.36,3.0,1.0,0.0,33.333,4241.8,0.0002,,
Legal Fees Property,326412.2,5.0,1.0,20.0,20.0,5749.9,0.0002,,
STAFF UNIFORMS AND CLOTHING,326373.5,8.0,1.0,0.0,37.5,3283.4,0.0002,,-100.0
Pacs,325117.96,2.0,1.0,0.0,0.0,5000.0,0.0002,,
Integra Prl Control,317191.77,3.0,1.0,33.333,33.333,6436.6,0.0002,,-100.0
Other Patients Expenses,314117.33999999997,10.0,3.0,0.0,20.0,6247.9,0.0002,883.9480905802781,-87.53367146642847
Central Accruals,313770.0,2.0,1.0,0.0,50.0,6027.4,0.0002,,
Chief Executive,312698.13,7.0,1.0,14.286,42.857,2253.7,0.0002,,
Other,310498.19,4.0,1.0,0.0,25.0,6934.3,0.0002,,
DIAGNOSTIC TESTS OTHER NHS,309982.37,11.0,1.0,0.0,0.0,10000.0,0.0002,,-100.0
Furniture & Fittings,302525.57999999996,9.0,2.0,0.0,22.222,4213.3,0.0002,,27.382181268329024
Computer Network Costs,294772.32,7.0,2.0,0.0,0.0,4722.5,0.0002,,160.4705242428185
Licence Fees - General,292720.88,4.0,1.0,0.0,50.0,4749.9,0.0002,,
Financial Management,292489.33,5.0,1.0,0.0,0.0,10000.0,0.0002,,
Agency Hca Unregistered,291953.76,5.0,2.0,0.0,0.0,10000.0,0.0002,,17.970936587288787
P&M Additions,290061.70999999996,5.0,2.0,0.0,20.0,10000.0,0.0002,,-87.97938965772317
Estates Restore,288049.81,3.0,1.0,0.0,0.0,10000.0,0.0002,,
Pay Recharge,286590.7,3.0,2.0,0.0,0.0,7942.2,0.0002,,373.18140000000005
EXTERNAL PAYROLL CONTRACT,283572.79,8.0,1.0,0.0,0.0,10000.0,0.0002,,-100.0
Speech Therapy,283126.98000000004,6.0,1.0,0.0,0.0,10000.0,0.0002,,
Printing Costs,283048.92,6.0,2.0,0.0,0.0,10000.0,0.0002,,829.4964122977009
Travel & Subsistence,282318.70999999996,21.0,3.0,4.762,4.762,9836.2,0.0002,-52.877036663090806,595.9475649572676
It Services Contract,281469.11,4.0,1.0,0.0,0.0,4356.9,0.0002,,
Senior Manager Trust,279098.27,10.0,2.0,10.0,10.0,4094.9,0.0002,,833.3811582086369
Pilgrim Estates Operations,278730.67,4.0,1.0,0.0,25.0,4994.0,0.0002,,
COMPUTER SOFTWARE,278402.4,3.0,1.0,0.0,33.333,3767.1,0.0002,,-100.0
OTHER SENIOR MANAGER,278147.0,2.0,1.0,0.0,0.0,10000.0,0.0002,,-100.0
NETWORK HARD/W,277670.48,5.0,2.0,0.0,20.0,4430.2,0.0001,57.32705241531794,-100.0
Fire Safety,266802.6,4.0,1.0,0.0,25.0,7462.8,0.0001,,
Other Transport Costs,263285.32,3.0,1.0,33.333,0.0,10000.0,0.0001,,
Engin & Maint Equip And Mats,262732.56,3.0,2.0,0.0,0.0,6863.6,0.0001,,-46.94547256209897
Repairs - Contract Work,262628.05,5.0,1.0,0.0,0.0,3177.1,0.0001,,
International Recruitment,262273.0,6.0,1.0,0.0,0.0,5470.4,0.0001,,
RECRUITMENT  EXPENSES,251305.36,4.0,1.0,0.0,25.0,4911.7,0.0001,,-100.0
ACCOMMODATION,248400.0,4.0,2.0,0.0,25.0,10000.0,0.0001,-8.333333333333332,-100.0
CHILDCARE VOUCHERS,246996.3,8.0,1.0,0.0,0.0,10000.0,0.0001,-100.0,
Lincoln Ct,239910.0,6.0,1.0,0.0,0.0,10000.0,0.0001,,
Mri Gra,239900.0,4.0,1.0,0.0,0.0,10000.0,0.0001,,
Rechgs to-from Other NHS,238666.38,6.0,3.0,0.0,16.667,7846.0,0.0001,127.2256330182384,-11.310232481092134
WASTE DISPOSAL-CLINICAL,236023.23,7.0,1.0,0.0,14.286,10000.0,0.0001,,-100.0
Legal / Prof Fees,234699.89,8.0,3.0,0.0,25.0,7744.0,0.0001,-44.04332389690606,291.8614285714286
Dir Improvement & Integration,234139.18,3.0,1.0,0.0,0.0,10000.0,0.0001,,
Wifi Patient And Public,233046.95,3.0,1.0,0.0,33.333,10000.0,0.0001,,
Stationery,232933.53,7.0,1.0,14.286,14.286,7446.4,0.0001,,
Neurophysiology - Lincoln,232455.0,8.0,1.0,0.0,12.5,3988.5,0.0001,,
Ext Consultancy Strategy Fees,228990.0,3.0,1.0,0.0,0.0,5332.0,0.0001,,
Losses And Compensation,227644.0,3.0,1.0,0.0,66.667,5686.6,0.0001,,
Lloyds Purchasing Cards,227115.0,1.0,1.0,0.0,0.0,10000.0,0.0001,,
Financial Services,218635.02,4.0,1.0,0.0,0.0,10000.0,0.0001,,
Anaesthetics Accessories,217426.42,4.0,2.0,0.0,25.0,10000.0,0.0001,,-75.61633939547046
Wan Usage,216890.74,5.0,1.0,0.0,0.0,10000.0,0.0001,,
Esr & Health Roster System,214983.36,2.0,1.0,0.0,0.0,10000.0,0.0001,,
Breast Screening,211586.89,4.0,1.0,0.0,0.0,10000.0,0.0001,,
NURSE MANAGER BAND 8D,210643.9,3.0,1.0,0.0,66.667,5042.4,0.0001,,-100.0
Lincoln Ward Housekeeping,207385.19,6.0,1.0,0.0,0.0,7319.2,0.0001,,
Senior Manager Band 8C,207334.38,14.0,3.0,0.0,0.0,8233.0,0.0001,2.7999384561280127,146.03135438079136
DESKTOP SOFT/W,199583.87,4.0,2.0,0.0,0.0,5210.9,0.0001,-65.4843044026178,-100.0
Provision Legal Claims <1yr,194650.73,3.0,1.0,0.0,66.667,4285.5,0.0001,,
"Books, Journals & Subscription",192190.06,3.0,1.0,0.0,0.0,10000.0,0.0001,,
Grantham Utilities/Waste,190270.38,4.0,1.0,0.0,25.0,5894.6,0.0001,,
GP Sessions / Staff Fund,189450.69,3.0,2.0,0.0,33.333,6734.7,0.0001,,74.99999999999999
Clinical excellence awards,188201.33000000002,3.0,2.0,0.0,66.667,10000.0,0.0001,,159.7785179332648
AGENCY ADMIN CLERICAL,187371.37,4.0,1.0,0.0,25.0,4217.4,0.0001,,-100.0
SYS VAT Non Recoverable,179587.84,1.0,1.0,0.0,0.0,10000.0,0.0001,,
Nhs England Income Non Block,178130.08,4.0,2.0,0.0,25.0,5211.2,0.0001,,203.00923076923075
Engineering Contracts,171898.58000000002,24.0,1.0,4.167,4.167,7034.7,0.0001,,
Dietetic Products,170116.96,1.0,1.0,0.0,0.0,10000.0,0.0001,,
STUDENT LOAN RE-PAYMENTS,168350.0,17.0,2.0,0.0,0.0,10000.0,0.0001,-70.27847555055557,-100.0
LIBRARY RESOURCES,165781.47,4.0,2.0,0.0,50.0,6254.9,0.0001,400.4514755263321,-100.0
EQUIPMENT REPAIRS _ MATERIALS,165279.49,7.0,2.0,14.286,14.286,3519.9,0.0001,464.6042078326067,-100.0
Louth Radiology,162384.72,2.0,1.0,0.0,0.0,10000.0,0.0001,,
Lincolnshire Talent Academy,160115.0,1.0,1.0,0.0,0.0,10000.0,0.0001,,
Lab Equip Maintenance Contract,158417.28,2.0,1.0,0.0,0.0,10000.0,0.0001,,
Bldg/Eng Equip Maint/Rep,156466.06,5.0,2.0,20.0,40.0,5092.6,0.0001,-100.0,
Taxi & Other Vehicle Hire,156443.06,5.0,1.0,0.0,40.0,4428.2,0.0001,,
Training Materials,155633.34,6.0,1.0,0.0,50.0,3781.9,0.0001,,
LICENCE FEES - GENERAL,155445.9,3.0,2.0,0.0,33.333,6977.5,0.0001,150.36852212485127,-100.0
Office Equipment,144206.58000000002,3.0,1.0,0.0,0.0,6059.0,0.0001,,
MEDICAL NEGLIGENCE,143673.24,4.0,2.0,0.0,0.0,10000.0,0.0001,323.182122410276,-100.0
Service Charge,143614.98,1.0,1.0,0.0,0.0,10000.0,0.0001,-100.0,
Hr Senior Team,141554.16,3.0,1.0,0.0,33.333,3780.3,0.0001,,
Printing And Stationery,141000.33000000002,3.0,1.0,0.0,33.333,10000.0,0.0001,,
ENGIN AND MAINT EQUIP AND MATS,137629.76,5.0,2.0,0.0,20.0,6642.7,0.0001,-65.00672613521616,-100.0
Lincoln Clin Haematology Ip,137440.05,5.0,1.0,0.0,0.0,10000.0,0.0001,,
CORE TRAINEE,135000.0,2.0,1.0,0.0,50.0,10000.0,0.0001,-100.0,
Hearing Aids: Repairs,130387.5,3.0,1.0,0.0,0.0,10000.0,0.0001,,-100.0
Doctors Fees (Bd8'S Etc),129225.58,2.0,1.0,0.0,0.0,10000.0,0.0001,,
Lin Car Parking And Security,129224.39,4.0,1.0,0.0,0.0,10000.0,0.0001,,
External Data Contracts,127200.0,3.0,1.0,0.0,0.0,10000.0,0.0001,-100.0,
Occupancy Guarantee,126662.85999999999,2.0,2.0,0.0,0.0,10000.0,0.0001,,-43.31134801772795
Other Consultancies,126038.92,2.0,1.0,0.0,0.0,6546.0,0.0001,,
APPRENTICE LEVY (HMRC),124672.0,16.0,2.0,0.0,0.0,10000.0,0.0001,-74.45672970414677,-100.0
Agency Admin & Clerical,124270.0,3.0,1.0,0.0,0.0,10000.0,0.0001,,
BUILD MAINT DAY TO DAY,122588.0,3.0,1.0,0.0,0.0,10000.0,0.0001,-100.0,
Stp Contribution,117925.0,1.0,1.0,0.0,0.0,10000.0,0.0001,,
Med & Surg Equip Repair,116734.02,12.0,2.0,0.0,0.0,5586.8,0.0001,-100.0,
Phone Rental and Calls,116431.37,2.0,2.0,0.0,50.0,10000.0,0.0001,-100.0,
Outpatient It,115200.0,1.0,1.0,0.0,0.0,10000.0,0.0001,,
CONSULTANTS BANK,113600.34,4.0,1.0,0.0,0.0,10000.0,0.0001,,-100.0
Senior Manager Band 8B,113480.22,13.0,2.0,7.692,7.692,8270.5,0.0001,,1983.895247131093
Manager Recharge,111496.67,1.0,1.0,0.0,0.0,10000.0,0.0001,,
Pilgrim Ward Housekeeping,107023.2,2.0,1.0,0.0,0.0,10000.0,0.0001,,
Foundation Programme - F2,106683.98999999999,8.0,2.0,0.0,0.0,10000.0,0.0001,-66.15515710561189,-100.0
AGENCY SENIOR MANAGER,103551.0,2.0,1.0,0.0,0.0,5464.2,0.0001,-100.0,
Cpd Hee Funding,100800.0,2.0,1.0,0.0,0.0,10000.0,0.0001,,
Provision Early Depart <1yr,100383.98000000001,4.0,2.0,25.0,25.0,10000.0,0.0001,,199.1469457005928
Sonographer Band 7,99981.39,1.0,1.0,0.0,0.0,10000.0,0.0001,,
Primary Care Trst Revenue,99667.13,2.0,2.0,0.0,0.0,10000.0,0.0001,,-8.78749130674597
Pilgrim Endoscopy,98983.83,2.0,1.0,0.0,0.0,10000.0,0.0001,,
OTHER NURSE MANAGER,98044.48000000001,3.0,2.0,0.0,0.0,6666.7,0.0001,-89.2664269883019,-100.0
Org Development & Training,96220.8,1.0,1.0,0.0,100.0,10000.0,0.0001,,
Digital Aspirant Programme,95880.0,1.0,1.0,0.0,100.0,10000.0,0.0001,,
Pilgrim Radiology,94083.74,2.0,1.0,0.0,0.0,5194.8,0.0001,,
Lincoln General Surgery Ip,93796.19,1.0,1.0,0.0,0.0,10000.0,0.0001,,
POST MAR 95 RETIREMENTS < 1 Yr,92711.56,5.0,1.0,0.0,0.0,10000.0,0.0001,,-100.0
NURSING DIRECTOR,92433.67,2.0,1.0,0.0,50.0,10000.0,0.0,,-100.0
Lincoln Estates Operations,92382.36,2.0,1.0,0.0,50.0,5025.8,0.0,,
Training Travel & Subsistence,90071.79999999999,2.0,1.0,0.0,50.0,10000.0,0.0,,
MISCELLANEOUS,89652.48999999999,2.0,2.0,0.0,0.0,10000.0,0.0,58.73734487734488,-100.0
Staff Consultancy & Suppt,88906.2,3.0,1.0,0.0,33.333,5504.0,0.0,,
Insource Service From Non Nhs,88603.51999999999,2.0,1.0,0.0,0.0,10000.0,0.0,,
X-Ray Equipment,88563.12,2.0,1.0,0.0,0.0,5195.7,0.0,,
Theatres Gdh,88109.28,1.0,1.0,0.0,0.0,10000.0,0.0,,
Audit Fees: Ext non-stat,88015.0,2.0,1.0,0.0,0.0,10000.0,0.0,-100.0,
CONSULTANCY STRATEGY,87674.62,2.0,1.0,0.0,50.0,5768.0,0.0,-100.0,
Wheelchairs,86505.0,19.0,2.0,10.526,5.263,10000.0,0.0,,-93.83284241531663
Assistant Medical Director,85221.65,2.0,1.0,0.0,100.0,5404.4,0.0,,
Conferences And Seminars,84000.0,1.0,1.0,0.0,0.0,10000.0,0.0,,
LOSSES _ COMPENSATIONS,83686.74,3.0,1.0,0.0,33.333,3337.6,0.0,-100.0,
ENGIN & MAINT DAY TO DAY,82331.0,3.0,2.0,0.0,33.333,10000.0,0.0,46.70682008869711,-100.0
Catering Equip Purchase,81220.75,2.0,1.0,0.0,50.0,10000.0,0.0,,-100.0
Agency Other Stt,80884.8,1.0,1.0,0.0,100.0,10000.0,0.0,,
Cardiac Catheter Lab,79808.64,1.0,1.0,0.0,0.0,10000.0,0.0,,
Mri Pil,79737.7,1.0,1.0,0.0,0.0,10000.0,0.0,,
Provision Pension Inj Ben <1yr,79585.92,3.0,1.0,0.0,33.333,5495.6,0.0,,
COST OF FP 10 PRESCRIPTIONS,77410.39,3.0,2.0,0.0,0.0,10000.0,0.0,-47.34382352001558,-100.0
Clinical Training,77400.0,1.0,1.0,0.0,0.0,10000.0,0.0,,
Financial Services Contract,76868.16,2.0,1.0,0.0,50.0,5000.0,0.0,,
VISITING CONSULTANTS,76752.76999999999,2.0,2.0,0.0,50.0,10000.0,0.0,6.884573625608226,-100.0
Meeting expense/Room Hire,76591.15,24.0,2.0,8.333,8.333,7448.3,0.0,-100.0,
Legal Fees,75563.0,3.0,1.0,0.0,66.667,5520.3,0.0,,
PHOTOCOPIERS LEASE COST,74085.0,1.0,1.0,0.0,0.0,10000.0,0.0,,-100.0
Internal Recharge: Rec,70415.0,2.0,1.0,0.0,100.0,5005.9,0.0,,
Theatres Lch,67852.8,1.0,1.0,0.0,0.0,10000.0,0.0,,
Specialist Midwives,66146.4,1.0,1.0,0.0,0.0,10000.0,0.0,,
Secondment Rchrg To-From Nhs,65240.92,2.0,1.0,0.0,0.0,5180.2,0.0,,
Advertising,65071.6,3.0,2.0,33.333,0.0,10000.0,0.0,,-16.666666666666664
Creditor Suspense_Refunds,64580.64,1.0,1.0,0.0,0.0,10000.0,0.0,,
Equality & Diversity,64488.0,1.0,1.0,0.0,100.0,10000.0,0.0,,
Vehicle Lease,63572.69,2.0,1.0,0.0,0.0,10000.0,0.0,,
Laboratory Reagents,63359.619999999995,6.0,2.0,0.0,16.667,10000.0,0.0,-100.0,
Build Maint Day To Day,63221.1,2.0,1.0,0.0,50.0,10000.0,0.0,,
Agency Nursing:Op Dept Pr,61633.87000000001,51.0,3.0,45.098,3.922,5882.4,0.0,-46.49407068216508,1545.219234036684
Business & Property Management,60565.24,1.0,1.0,0.0,0.0,10000.0,0.0,,
NHS England Running Costs,60367.87,2.0,1.0,0.0,0.0,10000.0,0.0,,
Nurse B5,60265.740000000005,2.0,2.0,0.0,100.0,10000.0,0.0,,-8.223579952267299
PATIENT APPLIANCES,60000.0,2.0,1.0,0.0,0.0,10000.0,0.0,,-100.0
Agency Ahp Qualified,60000.0,1.0,1.0,0.0,0.0,10000.0,0.0,,
HIRE OF TRANSPORT,58650.0,2.0,1.0,0.0,50.0,10000.0,0.0,,-100.0
Non Pay Cip,58325.74,2.0,1.0,0.0,0.0,10000.0,0.0,,
PLUMBING WORKS,57471.39,2.0,1.0,0.0,0.0,10000.0,0.0,-100.0,
Intensive Care Unit Med Lch,57345.45,1.0,1.0,0.0,100.0,10000.0,0.0,,
IT Gross Book Val BF,57074.38,1.0,1.0,0.0,0.0,10000.0,0.0,,
GAS,56410.86,2.0,1.0,0.0,0.0,10000.0,0.0,,-100.0
VAT Cont Out Serv Inp Tax,54893.72,1.0,1.0,0.0,0.0,10000.0,0.0,-100.0,
GRANTHAM PHARMACY CREDITORS,54814.75,2.0,1.0,0.0,0.0,5001.1,0.0,-100.0,
Sal Sac Home Electronics,54528.63,2.0,1.0,0.0,0.0,10000.0,0.0,,
Phlebotomist B2,54068.88,1.0,1.0,0.0,0.0,10000.0,0.0,,
Grantham Ct,53632.31,1.0,1.0,0.0,0.0,10000.0,0.0,,
OIL,52404.86,2.0,1.0,0.0,0.0,10000.0,0.0,-100.0,
Sal Sac Lease Cars,52296.1,2.0,1.0,0.0,50.0,10000.0,0.0,,
BEDDING AND LINEN,51737.0,1.0,1.0,0.0,0.0,10000.0,0.0,,-100.0
Lincoln Nuclear Medicine,51053.66,1.0,1.0,0.0,0.0,10000.0,0.0,,
Aseptic Unit,50610.0,1.0,1.0,0.0,100.0,10000.0,0.0,,
Risk & Incident Management,48891.3,1.0,1.0,0.0,100.0,10000.0,0.0,,
Contr Pest Control,48816.0,1.0,1.0,0.0,100.0,10000.0,0.0,-100.0,
Ahp B8d,47952.59,1.0,1.0,0.0,100.0,10000.0,0.0,,
Louth Endoscopy,47233.2,1.0,1.0,0.0,0.0,10000.0,0.0,,
Build Maint Equip And Mats,47217.6,1.0,1.0,0.0,100.0,10000.0,0.0,,
Waiting List Clerks,45349.2,1.0,1.0,0.0,0.0,10000.0,0.0,,
Pilgrim Respir Physiology Op,45264.0,1.0,1.0,0.0,0.0,10000.0,0.0,,
Lincoln Max Facial Surgery Ip,45246.51,1.0,1.0,0.0,0.0,10000.0,0.0,,
Trans Equip Additions,44996.4,2.0,1.0,0.0,50.0,10000.0,0.0,,
Breast Care Prosthesis,44268.880000000005,2.0,1.0,0.0,50.0,10000.0,0.0,,
Photocopier Usage,43579.08,1.0,1.0,0.0,0.0,10000.0,0.0,,
Surgery Division Management,42740.22,1.0,1.0,0.0,0.0,10000.0,0.0,,
Other Operatg Rev Non NHS,42330.68,1.0,1.0,0.0,100.0,10000.0,0.0,,-100.0
POST MAR 95 RETIREMENTS,39887.67,2.0,1.0,0.0,0.0,10000.0,0.0,-100.0,
Mechanical Works,39445.62,1.0,1.0,0.0,100.0,10000.0,0.0,,
Corporate Facilities,38869.8,1.0,1.0,0.0,100.0,10000.0,0.0,,
Mdg Revenue Items,38760.0,1.0,1.0,0.0,0.0,10000.0,0.0,,
Archiving Data,38482.73,1.0,1.0,0.0,0.0,10000.0,0.0,,
Electrical Works,37586.16,1.0,1.0,0.0,0.0,10000.0,0.0,,
Nurse Band 8A,36896.15,1.0,1.0,0.0,0.0,10000.0,0.0,-100.0,
Clin Support Pan Trust Mgmt,36828.0,1.0,1.0,0.0,100.0,10000.0,0.0,,
Lincoln Endoscopy,36165.82,1.0,1.0,0.0,0.0,10000.0,0.0,,
PRINTING AND STATIONERY,35034.01,2.0,1.0,0.0,50.0,9535.2,0.0,-100.0,
Agency Prof & Tech,35000.0,1.0,1.0,0.0,0.0,10000.0,0.0,,-100.0
PRE MAR 95 RETIREMENTS < 1 Yr,34642.3,5.0,1.0,0.0,0.0,10000.0,0.0,,-100.0
Lincoln Management,34086.0,1.0,1.0,0.0,100.0,10000.0,0.0,,
Lincoln Ultrasound,33802.48,1.0,1.0,0.0,0.0,10000.0,0.0,,
Cleaning Materials,33750.0,3.0,1.0,33.333,33.333,10000.0,0.0,,-100.0
Diabetic Retinopathy,33714.11,1.0,1.0,0.0,0.0,10000.0,0.0,,
Admin & Clerical Band 8A,33420.6,2.0,1.0,0.0,0.0,10000.0,0.0,,
Surg Instruments Disp,33390.0,3.0,1.0,0.0,0.0,10000.0,0.0,,
Grounds & Garden Expenses,33367.0,1.0,1.0,0.0,0.0,10000.0,0.0,,
Ees Superannuation - Nest,33038.97,1.0,1.0,0.0,0.0,10000.0,0.0,,
Grantham Htm Compliance,32975.64,1.0,1.0,0.0,0.0,10000.0,0.0,,
Lease Car Recharges,32606.0,1.0,1.0,0.0,0.0,10000.0,0.0,,
Improvement Management,32465.55,1.0,1.0,0.0,0.0,10000.0,0.0,,
Minor Clinical Equipment,32050.52,1.0,1.0,0.0,0.0,10000.0,0.0,,
SENIOR MANAGER BAND 8D,32031.44,1.0,1.0,0.0,100.0,10000.0,0.0,,-100.0
Occupational Health Ptrust,31794.35,1.0,1.0,0.0,0.0,10000.0,0.0,,
Admin & Clerical Band 8B,31749.75,8.0,1.0,0.0,0.0,10000.0,0.0,,-100.0
Ers Superannuation - Nest,31597.09,1.0,1.0,0.0,0.0,10000.0,0.0,,
Cancer Centre,30871.0,1.0,1.0,0.0,100.0,10000.0,0.0,,
Exclude,30636.37,59.0,1.0,62.712,62.712,535.8,0.0,,
Materials - Electrical,30242.0,1.0,1.0,0.0,100.0,10000.0,0.0,,
Other Income,30000.0,1.0,1.0,0.0,100.0,10000.0,0.0,,-100.0
THERAPY EQUIPMENT,30000.0,2.0,1.0,0.0,50.0,10000.0,0.0,,-100.0
Francotyp Postalia,30000.0,1.0,1.0,0.0,0.0,10000.0,0.0,,
Fp10s,29458.16,1.0,1.0,0.0,0.0,10000.0,0.0,,
Payt Rec On A/C Susp <1Yr,29371.34,1.0,1.0,0.0,100.0,10000.0,0.0,-100.0,
Prostheses - Other,29352.0,2.0,1.0,50.0,50.0,10000.0,0.0,,-100.0
78H BLOCK CONTRACT,29200.0,1.0,1.0,0.0,100.0,10000.0,0.0,,-100.0
Laboratory Bottles & Cont,28926.18,1.0,1.0,0.0,0.0,10000.0,0.0,-100.0,
COMPUTER MAINTENANCE,28500.0,1.0,1.0,0.0,0.0,10000.0,0.0,,-100.0
Mobile Phones,27495.05,1.0,1.0,0.0,0.0,10000.0,0.0,,
LEGAL FEES - PROPERTY,27387.7,1.0,1.0,0.0,0.0,10000.0,0.0,,-100.0
OTHER CONSULTANCIES,26875.0,1.0,1.0,0.0,100.0,10000.0,0.0,,-100.0
INSURANCE CHARGES,26576.51,1.0,1.0,0.0,100.0,10000.0,0.0,-100.0,
NJR LEVY CHARGE,26360.96,1.0,1.0,0.0,100.0,10000.0,0.0,,-100.0
Ext Contr Domestics,25760.0,1.0,1.0,0.0,0.0,10000.0,0.0,-100.0,
HOME ENTERAL FOODS,25228.78,1.0,1.0,0.0,100.0,10000.0,0.0,,-100.0
Printing Design Costs,25200.0,1.0,1.0,0.0,100.0,10000.0,0.0,-100.0,
Lease Receipts as income - minimum lease receipts,23800.0,1.0,1.0,0.0,100.0,10000.0,0.0,,
Bldg/Eng Equip Maint Cont,23787.56,1.0,1.0,0.0,0.0,10000.0,0.0,-100.0,
Public Relations Expenses,23170.24,1.0,1.0,0.0,100.0,10000.0,0.0,,
AGENCY AHP QUALIFIED,23000.0,1.0,1.0,0.0,0.0,10000.0,0.0,,-100.0
BIKE INITIATIVE,22733.33,1.0,1.0,0.0,100.0,10000.0,0.0,,-100.0
STAFF CARS LEASE COSTS,19313.34,1.0,1.0,0.0,100.0,10000.0,0.0,,-100.0
PGME,18224.03,1.0,1.0,0.0,0.0,10000.0,0.0,-100.0,
CONTINUING MEDICAL EDUCATION,14762.32,1.0,1.0,0.0,0.0,10000.0,0.0,-100.0,
PRE MARCH 1995 RETIREMENTS,13602.24,2.0,1.0,0.0,50.0,10000.0,0.0,-100.0,
Nurse band 5,13109.98,2.0,2.0,0.0,0.0,10000.0,0.0,-0.0003051106026001,-100.0
GPTVS INCOME GENERATION,6679.36,1.0,1.0,0.0,0.0,10000.0,0.0,-100.0,
NHS Local Debtors Adj,6365.0,1.0,1.0,0.0,0.0,10000.0,0.0,,-100.0
STAFF CARS SERVICE COSTS,3890.52,1.0,1.0,0.0,0.0,10000.0,0.0,,-100.0
Agency Healthcare Asst,306.0,1.0,1.0,0.0,0.0,10000.0,0.0,,-100.0
